SeqNo, Year, Month, Day, ms, RtoR Data
59,2016,09,26,60572536,639
,,,,,639
,,,,,639
,,,,,639
,,,,,-1057
,,,,,-1057
,,,,,-1057
,,,,,-1057
,,,,,-1057
,,,,,180
,,,,,180
,,,,,180
,,,,,180
,,,,,180
,,,,,180
,,,,,180
,,,,,180
,,,,,180
60,2016,09,26,60573544,180
,,,,,180
,,,,,180
,,,,,180
,,,,,180
,,,,,180
,,,,,180
,,,,,180
,,,,,180
,,,,,180
,,,,,180
,,,,,180
,,,,,180
,,,,,180
,,,,,180
,,,,,180
,,,,,180
,,,,,180
61,2016,09,26,60574552,180
,,,,,180
,,,,,180
,,,,,180
,,,,,180
,,,,,180
,,,,,180
,,,,,180
,,,,,180
,,,,,180
,,,,,180
,,,,,180
,,,,,180
,,,,,180
,,,,,180
,,,,,180
,,,,,180
,,,,,180
62,2016,09,26,60575557,180
,,,,,180
,,,,,180
,,,,,180
,,,,,180
,,,,,180
,,,,,180
,,,,,180
,,,,,180
,,,,,180
,,,,,180
,,,,,180
,,,,,180
,,,,,180
,,,,,180
,,,,,180
,,,,,180
,,,,,180
63,2016,09,26,60576569,180
,,,,,180
,,,,,180
,,,,,180
,,,,,180
,,,,,180
,,,,,180
,,,,,180
,,,,,180
,,,,,180
,,,,,180
,,,,,180
,,,,,180
,,,,,180
,,,,,180
,,,,,180
,,,,,180
,,,,,180
64,2016,09,26,60577577,180
,,,,,180
,,,,,180
,,,,,180
,,,,,180
,,,,,180
,,,,,180
,,,,,180
,,,,,180
,,,,,180
,,,,,180
,,,,,180
,,,,,180
,,,,,180
,,,,,180
,,,,,180
,,,,,180
,,,,,180
65,2016,09,26,60578584,180
,,,,,180
,,,,,180
,,,,,180
,,,,,180
,,,,,180
,,,,,180
,,,,,180
,,,,,180
,,,,,180
,,,,,180
,,,,,180
,,,,,180
,,,,,180
,,,,,180
,,,,,180
,,,,,180
,,,,,180
66,2016,09,26,60579593,180
,,,,,180
,,,,,180
,,,,,180
,,,,,180
,,,,,180
,,,,,180
,,,,,180
,,,,,180
,,,,,180
,,,,,180
,,,,,180
,,,,,180
,,,,,180
,,,,,180
,,,,,180
,,,,,180
,,,,,180
67,2016,09,26,60580603,180
,,,,,180
,,,,,180
,,,,,180
,,,,,180
,,,,,180
,,,,,180
,,,,,180
,,,,,180
,,,,,180
,,,,,180
,,,,,180
,,,,,180
,,,,,180
,,,,,180
,,,,,180
,,,,,-8605
,,,,,-8605
68,2016,09,26,60581609,-8605
,,,,,-8605
,,,,,-8605
,,,,,272
,,,,,272
,,,,,272
,,,,,272
,,,,,272
,,,,,272
,,,,,272
,,,,,272
,,,,,272
,,,,,272
,,,,,272
,,,,,272
,,,,,272
,,,,,272
,,,,,272
69,2016,09,26,60582617,272
,,,,,272
,,,,,272
,,,,,272
,,,,,272
,,,,,272
,,,,,272
,,,,,272
,,,,,272
,,,,,272
,,,,,272
,,,,,272
,,,,,272
,,,,,272
,,,,,272
,,,,,272
,,,,,272
,,,,,272
70,2016,09,26,60583625,272
,,,,,272
,,,,,272
,,,,,272
,,,,,272
,,,,,272
,,,,,272
,,,,,272
,,,,,272
,,,,,272
,,,,,272
,,,,,272
,,,,,272
,,,,,272
,,,,,272
,,,,,272
,,,,,272
,,,,,272
71,2016,09,26,60584633,272
,,,,,272
,,,,,272
,,,,,272
,,,,,272
,,,,,272
,,,,,272
,,,,,272
,,,,,272
,,,,,272
,,,,,272
,,,,,272
,,,,,272
,,,,,272
,,,,,272
,,,,,272
,,,,,-3689
,,,,,-3689
72,2016,09,26,60585641,-3689
,,,,,-3689
,,,,,-3689
,,,,,-3689
,,,,,-3689
,,,,,-3689
,,,,,-3689
,,,,,-3689
,,,,,-3689
,,,,,-3689
,,,,,-3689
,,,,,-3689
,,,,,-3689
,,,,,-3689
,,,,,-3689
,,,,,-3689
,,,,,-3689
,,,,,-3689
73,2016,09,26,60586649,-3689
,,,,,-3689
,,,,,-3689
,,,,,-3689
,,,,,-3689
,,,,,-3689
,,,,,-3689
,,,,,-3689
,,,,,-3689
,,,,,-3689
,,,,,-3689
,,,,,-3689
,,,,,-3689
,,,,,-3689
,,,,,-3689
,,,,,-3689
,,,,,2133
,,,,,2133
74,2016,09,26,60587657,2133
,,,,,2133
,,,,,-156
,,,,,-156
,,,,,-156
,,,,,-156
,,,,,278
,,,,,278
,,,,,278
,,,,,278
,,,,,278
,,,,,-318
,,,,,-318
,,,,,-318
,,,,,-318
,,,,,162
,,,,,162
,,,,,162
75,2016,09,26,60588665,162
,,,,,162
,,,,,-122
,,,,,-122
,,,,,-122
,,,,,-122
,,,,,-122
,,,,,-122
,,,,,-122
,,,,,-122
,,,,,-122
,,,,,-122
,,,,,-122
,,,,,-122
,,,,,-122
,,,,,-122
,,,,,-122
,,,,,-122
76,2016,09,26,60589673,-122
,,,,,-122
,,,,,1163
,,,,,1163
,,,,,1163
,,,,,1163
,,,,,-191
,,,,,-191
,,,,,-191
,,,,,-191
,,,,,-191
,,,,,-191
,,,,,-191
,,,,,-191
,,,,,-191
,,,,,-191
,,,,,-191
,,,,,-191
77,2016,09,26,60590681,-191
,,,,,-191
,,,,,757
,,,,,757
,,,,,757
,,,,,757
,,,,,-149
,,,,,-149
,,,,,-149
,,,,,-149
,,,,,-149
,,,,,-149
,,,,,-149
,,,,,-149
,,,,,-149
,,,,,-149
,,,,,-149
,,,,,-149
78,2016,09,26,60591689,-149
,,,,,-149
,,,,,-149
,,,,,-149
,,,,,-149
,,,,,-149
,,,,,-149
,,,,,-149
,,,,,-149
,,,,,-149
,,,,,-149
,,,,,-149
,,,,,-149
,,,,,-149
,,,,,-149
,,,,,-149
,,,,,-149
,,,,,-149
79,2016,09,26,60592697,-149
,,,,,-149
,,,,,-149
,,,,,-149
,,,,,-149
,,,,,-149
,,,,,-149
,,,,,-149
,,,,,-149
,,,,,-149
,,,,,-149
,,,,,-149
,,,,,-149
,,,,,-149
,,,,,-149
,,,,,-149
,,,,,-149
,,,,,-149
80,2016,09,26,60593705,-149
,,,,,-149
,,,,,-149
,,,,,-149
,,,,,-149
,,,,,-149
,,,,,-149
,,,,,-149
,,,,,-149
,,,,,-149
,,,,,-149
,,,,,-149
,,,,,-149
,,,,,-149
,,,,,-149
,,,,,-149
,,,,,-149
,,,,,-149
81,2016,09,26,60594713,-149
,,,,,-149
,,,,,-149
,,,,,-149
,,,,,-149
,,,,,-149
,,,,,-149
,,,,,-149
,,,,,-149
,,,,,-149
,,,,,-149
,,,,,-149
,,,,,-149
,,,,,-149
,,,,,-149
,,,,,-149
,,,,,-149
,,,,,-149
82,2016,09,26,60595721,-149
,,,,,4707
,,,,,4707
,,,,,4707
,,,,,4707
,,,,,4707
,,,,,4707
,,,,,4707
,,,,,4707
,,,,,4707
,,,,,4707
,,,,,4707
,,,,,4707
,,,,,4707
,,,,,4707
,,,,,4707
,,,,,4707
,,,,,4707
83,2016,09,26,60596729,4707
,,,,,4707
,,,,,4707
,,,,,4707
,,,,,4707
,,,,,4707
,,,,,4707
,,,,,4707
,,,,,4707
,,,,,4707
,,,,,4707
,,,,,4707
,,,,,4707
,,,,,4707
,,,,,4707
,,,,,4707
,,,,,4707
,,,,,4707
84,2016,09,26,60597737,4707
,,,,,-2060
,,,,,-2060
,,,,,-2060
,,,,,-2060
,,,,,286
,,,,,286
,,,,,286
,,,,,286
,,,,,286
,,,,,286
,,,,,286
,,,,,286
,,,,,286
,,,,,286
,,,,,286
,,,,,286
,,,,,286
85,2016,09,26,60598745,286
,,,,,286
,,,,,286
,,,,,286
,,,,,286
,,,,,286
,,,,,286
,,,,,286
,,,,,286
,,,,,286
,,,,,286
,,,,,286
,,,,,286
,,,,,286
,,,,,286
,,,,,286
,,,,,286
,,,,,286
86,2016,09,26,60599756,-1740
,,,,,-1740
,,,,,-1740
,,,,,-1740
,,,,,-1740
,,,,,-1740
,,,,,-1740
,,,,,-1740
,,,,,-1740
,,,,,-1740
,,,,,-1740
,,,,,-1740
,,,,,-1740
,,,,,-1740
,,,,,-1740
,,,,,-1740
,,,,,-1740
,,,,,-1740
87,2016,09,26,60600762,-1740
,,,,,-1740
,,,,,-1740
,,,,,-1740
,,,,,-1740
,,,,,-1740
,,,,,-1740
,,,,,-1740
,,,,,-1740
,,,,,1602
,,,,,1602
,,,,,1602
,,,,,1602
,,,,,1602
,,,,,1602
,,,,,1602
,,,,,1602
,,,,,1602
88,2016,09,26,60601770,-359
,,,,,-359
,,,,,-359
,,,,,-359
,,,,,-359
,,,,,-359
,,,,,-359
,,,,,-359
,,,,,-359
,,,,,-359
,,,,,-359
,,,,,-359
,,,,,-359
,,,,,-359
,,,,,-359
,,,,,-359
,,,,,-359
,,,,,-359
89,2016,09,26,60602779,-359
,,,,,-359
,,,,,-359
,,,,,-359
,,,,,-359
,,,,,-359
,,,,,-359
,,,,,-359
,,,,,-359
,,,,,-359
,,,,,-359
,,,,,-359
,,,,,-359
,,,,,-359
,,,,,-359
,,,,,-359
,,,,,-359
,,,,,-359
90,2016,09,26,60603786,-359
,,,,,-359
,,,,,-359
,,,,,-359
,,,,,-359
,,,,,-359
,,,,,-359
,,,,,-359
,,,,,-359
,,,,,-359
,,,,,-359
,,,,,-359
,,,,,-359
,,,,,-359
,,,,,-359
,,,,,-359
,,,,,-359
,,,,,-359
91,2016,09,26,60604795,-359
,,,,,-359
,,,,,-359
,,,,,-359
,,,,,-359
,,,,,-359
,,,,,-359
,,,,,-359
,,,,,-359
,,,,,-359
,,,,,-359
,,,,,-359
,,,,,-359
,,,,,-359
,,,,,-359
,,,,,-359
,,,,,-359
,,,,,-359
92,2016,09,26,60605804,-359
,,,,,-359
,,,,,-359
,,,,,-359
,,,,,-359
,,,,,-359
,,,,,-359
,,,,,-359
,,,,,-359
,,,,,-359
,,,,,-359
,,,,,-359
,,,,,-359
,,,,,4961
,,,,,4961
,,,,,4961
,,,,,4961
,,,,,-141
93,2016,09,26,60606811,-141
,,,,,-141
,,,,,-141
,,,,,-141
,,,,,-141
,,,,,-141
,,,,,-141
,,,,,-141
,,,,,-141
,,,,,-141
,,,,,-141
,,,,,-141
,,,,,-141
,,,,,-141
,,,,,-141
,,,,,-141
,,,,,-141
,,,,,-141
94,2016,09,26,60607819,-141
,,,,,-141
,,,,,-141
,,,,,-141
,,,,,-141
,,,,,-141
,,,,,-141
,,,,,-141
,,,,,1479
,,,,,1479
,,,,,1479
,,,,,1479
,,,,,1479
,,,,,1479
,,,,,1479
,,,,,1479
,,,,,1479
,,,,,1479
95,2016,09,26,60608826,1479
,,,,,1479
,,,,,1479
,,,,,1479
,,,,,1479
,,,,,1479
,,,,,1479
,,,,,1479
,,,,,1479
,,,,,1479
,,,,,1479
,,,,,1479
,,,,,1479
,,,,,1479
,,,,,1479
,,,,,1479
,,,,,1479
,,,,,1479
96,2016,09,26,60609836,1479
,,,,,1479
,,,,,1479
,,,,,1479
,,,,,1479
,,,,,1479
,,,,,1479
,,,,,1479
,,,,,1479
,,,,,1479
,,,,,1479
,,,,,1479
,,,,,1479
,,,,,1479
,,,,,1479
,,,,,1479
,,,,,1479
,,,,,1479
97,2016,09,26,60610844,1479
,,,,,1479
,,,,,1479
,,,,,1479
,,,,,1479
,,,,,1479
,,,,,1479
,,,,,1479
,,,,,1479
,,,,,1479
,,,,,1479
,,,,,1479
,,,,,1479
,,,,,1479
,,,,,1479
,,,,,1479
,,,,,1479
,,,,,1479
98,2016,09,26,60611853,1479
,,,,,1479
,,,,,1479
,,,,,1479
,,,,,1479
,,,,,1479
,,,,,1479
,,,,,1479
,,,,,1479
,,,,,1479
,,,,,1479
,,,,,1479
,,,,,1479
,,,,,1479
,,,,,1479
,,,,,1479
,,,,,1479
,,,,,1479
99,2016,09,26,60612860,1479
,,,,,1479
,,,,,1479
,,,,,1479
,,,,,1479
,,,,,1479
,,,,,1479
,,,,,1479
,,,,,1479
,,,,,1479
,,,,,1479
,,,,,1479
,,,,,1479
,,,,,1479
,,,,,1479
,,,,,1479
,,,,,1479
,,,,,1479
100,2016,09,26,60613868,1479
,,,,,1479
,,,,,1479
,,,,,1479
,,,,,1479
,,,,,1479
,,,,,1479
,,,,,1479
,,,,,1479
,,,,,1479
,,,,,1479
,,,,,1479
,,,,,1479
,,,,,1479
,,,,,1479
,,,,,1479
,,,,,1479
,,,,,1479
101,2016,09,26,60614878,1479
,,,,,1479
,,,,,1479
,,,,,1479
,,,,,1479
,,,,,1479
,,,,,1479
,,,,,-7028
,,,,,-7028
,,,,,-7028
,,,,,-7028
,,,,,-7028
,,,,,-7028
,,,,,-7028
,,,,,-7028
,,,,,-7028
,,,,,-7028
,,,,,-7028
102,2016,09,26,60615886,-7028
,,,,,-7028
,,,,,835
,,,,,835
,,,,,835
,,,,,835
,,,,,835
,,,,,835
,,,,,835
,,,,,835
,,,,,835
,,,,,835
,,,,,835
,,,,,835
,,,,,835
,,,,,835
,,,,,835
,,,,,835
103,2016,09,26,60616894,835
,,,,,835
,,,,,835
,,,,,835
,,,,,835
,,,,,835
,,,,,835
,,,,,835
,,,,,835
,,,,,835
,,,,,835
,,,,,-1409
,,,,,-1409
,,,,,-1409
,,,,,-1409
,,,,,-1409
,,,,,190
,,,,,190
104,2016,09,26,60617902,190
,,,,,190
,,,,,-414
,,,,,-414
,,,,,-414
,,,,,-414
,,,,,-414
,,,,,-414
,,,,,-414
,,,,,-414
,,,,,-414
,,,,,-414
,,,,,-414
,,,,,-414
,,,,,-414
,,,,,-414
,,,,,-414
,,,,,-414
105,2016,09,26,60618910,-414
,,,,,-414
,,,,,877
,,,,,877
,,,,,877
,,,,,877
,,,,,877
,,,,,877
,,,,,877
,,,,,877
,,,,,877
,,,,,877
,,,,,877
,,,,,877
,,,,,877
,,,,,877
,,,,,877
,,,,,877
106,2016,09,26,60619918,877
,,,,,877
,,,,,877
,,,,,877
,,,,,877
,,,,,877
,,,,,-1142
,,,,,-1142
,,,,,-1142
,,,,,-1142
,,,,,-1142
,,,,,-1142
,,,,,-1142
,,,,,-1142
,,,,,-1142
,,,,,734
,,,,,734
,,,,,734
107,2016,09,26,60620927,734
,,,,,734
,,,,,-175
,,,,,-175
,,,,,-175
,,,,,-175
,,,,,-175
,,,,,-175
,,,,,-175
,,,,,-175
,,,,,-175
,,,,,-175
,,,,,-175
,,,,,-175
,,,,,-175
,,,,,760
,,,,,760
,,,,,760
108,2016,09,26,60621935,760
,,,,,760
,,,,,-232
,,,,,-232
,,,,,-232
,,,,,-232
,,,,,-232
,,,,,-232
,,,,,-232
,,,,,-232
,,,,,-232
,,,,,-232
,,,,,-232
,,,,,-232
,,,,,-232
,,,,,645
,,,,,645
,,,,,645
109,2016,09,26,60622943,645
,,,,,-319
,,,,,-319
,,,,,-319
,,,,,-319
,,,,,-319
,,,,,-319
,,,,,-319
,,,,,-319
,,,,,-319
,,,,,-319
,,,,,-319
,,,,,-319
,,,,,-319
,,,,,-319
,,,,,848
,,,,,848
,,,,,848
110,2016,09,26,60623950,848
,,,,,848
,,,,,848
,,,,,848
,,,,,848
,,,,,848
,,,,,848
,,,,,848
,,,,,848
,,,,,848
,,,,,848
,,,,,848
,,,,,848
,,,,,848
,,,,,848
,,,,,-788
,,,,,-788
,,,,,-788
111,2016,09,26,60624958,-788
,,,,,-788
,,,,,-788
,,,,,-788
,,,,,-788
,,,,,-788
,,,,,743
,,,,,743
,,,,,743
,,,,,743
,,,,,743
,,,,,743
,,,,,743
,,,,,743
,,,,,743
,,,,,743
,,,,,743
,,,,,743
112,2016,09,26,60625969,743
,,,,,743
,,,,,743
,,,,,743
,,,,,743
,,,,,-869
,,,,,-869
,,,,,-869
,,,,,-869
,,,,,-869
,,,,,-869
,,,,,-869
,,,,,-869
,,,,,-869
,,,,,-869
,,,,,-869
,,,,,-869
,,,,,-869
113,2016,09,26,60626971,-869
,,,,,-869
,,,,,-869
,,,,,-869
,,,,,-869
,,,,,966
,,,,,966
,,,,,966
,,,,,966
,,,,,966
,,,,,-375
,,,,,-375
,,,,,-375
,,,,,-375
,,,,,-375
,,,,,-375
,,,,,-375
,,,,,-375
114,2016,09,26,60627985,-375
,,,,,536
,,,,,536
,,,,,536
,,,,,536
,,,,,-155
,,,,,-155
,,,,,-155
,,,,,-155
,,,,,-155
,,,,,-155
,,,,,-155
,,,,,-155
,,,,,-155
,,,,,439
,,,,,439
,,,,,439
,,,,,439
115,2016,09,26,60628992,439
,,,,,-320
,,,,,-320
,,,,,-320
,,,,,-320
,,,,,109
,,,,,109
,,,,,109
,,,,,109
,,,,,109
,,,,,-405
,,,,,-405
,,,,,-405
,,,,,-405
,,,,,-405
,,,,,-405
,,,,,-405
,,,,,-405
116,2016,09,26,60630003,462
,,,,,462
,,,,,462
,,,,,462
,,,,,462
,,,,,-213
,,,,,-213
,,,,,-213
,,,,,-213
,,,,,-213
,,,,,-213
,,,,,-213
,,,,,-213
,,,,,-213
,,,,,-213
,,,,,-213
,,,,,-213
,,,,,-213
117,2016,09,26,60631008,-213
,,,,,-213
,,,,,-213
,,,,,-213
,,,,,-213
,,,,,1111
,,,,,1111
,,,,,1111
,,,,,1111
,,,,,1111
,,,,,1111
,,,,,1111
,,,,,1111
,,,,,1111
,,,,,1111
,,,,,1111
,,,,,1111
,,,,,1111
118,2016,09,26,60632019,1111
,,,,,1111
,,,,,1111
,,,,,1111
,,,,,1111
,,,,,1111
,,,,,1111
,,,,,1111
,,,,,1111
,,,,,1111
,,,,,1111
,,,,,1111
,,,,,1111
,,,,,1111
,,,,,1111
,,,,,1111
,,,,,1111
,,,,,1111
119,2016,09,26,60633027,1111
,,,,,1111
,,,,,1111
,,,,,1111
,,,,,1111
,,,,,1111
,,,,,1111
,,,,,1111
,,,,,1111
,,,,,1111
,,,,,1111
,,,,,1111
,,,,,1111
,,,,,1111
,,,,,1111
,,,,,1111
,,,,,1111
,,,,,1111
120,2016,09,26,60634031,1111
,,,,,1111
,,,,,1111
,,,,,1111
,,,,,1111
,,,,,1111
,,,,,1111
,,,,,1111
,,,,,1111
,,,,,1111
,,,,,1111
,,,,,1111
,,,,,1111
,,,,,-3422
,,,,,-3422
,,,,,-3422
,,,,,-3422
,,,,,-3422
121,2016,09,26,60635041,-3422
,,,,,-3422
,,,,,-3422
,,,,,-3422
,,,,,-3422
,,,,,-3422
,,,,,-3422
,,,,,-3422
,,,,,-3422
,,,,,670
,,,,,670
,,,,,670
,,,,,670
,,,,,670
,,,,,670
,,,,,670
,,,,,670
,,,,,670
122,2016,09,26,60636045,670
,,,,,670
,,,,,670
,,,,,670
,,,,,670
,,,,,670
,,,,,670
,,,,,670
,,,,,670
,,,,,-1139
,,,,,-1139
,,,,,-1139
,,,,,-1139
,,,,,-1139
,,,,,-1139
,,,,,-1139
,,,,,-1139
,,,,,-1139
123,2016,09,26,60637059,-1139
,,,,,-1139
,,,,,-1139
,,,,,-1139
,,,,,-1139
,,,,,-1139
,,,,,-1139
,,,,,-1139
,,,,,-1139
,,,,,-1139
,,,,,-1139
,,,,,-1139
,,,,,-1139
,,,,,-1139
,,,,,-1139
,,,,,-1139
,,,,,-1139
,,,,,-1139
124,2016,09,26,60638068,-1139
,,,,,-1139
,,,,,-1139
,,,,,-1139
,,,,,-1139
,,,,,-1139
,,,,,-1139
,,,,,-1139
,,,,,-1139
,,,,,-1139
,,,,,-1139
,,,,,-1139
,,,,,-1139
,,,,,-1139
,,,,,-1139
,,,,,-1139
,,,,,-1139
,,,,,-1139
125,2016,09,26,60639075,-1139
,,,,,-1139
,,,,,-1139
,,,,,-1139
,,,,,-1139
,,,,,-1139
,,,,,-1139
,,,,,-1139
,,,,,-1139
,,,,,-1139
,,,,,-1139
,,,,,-1139
,,,,,-1139
,,,,,-1139
,,,,,-1139
,,,,,-1139
,,,,,-1139
,,,,,-1139
126,2016,09,26,60640083,-1139
,,,,,-1139
,,,,,-1139
,,,,,-1139
,,,,,-1139
,,,,,-1139
,,,,,-1139
,,,,,-1139
,,,,,-1139
,,,,,-1139
,,,,,-1139
,,,,,-1139
,,,,,-1139
,,,,,-1139
,,,,,-1139
,,,,,-1139
,,,,,-1139
,,,,,4399
127,2016,09,26,60641092,4399
,,,,,4399
,,,,,4399
,,,,,4399
,,,,,4399
,,,,,4399
,,,,,4399
,,,,,4399
,,,,,4399
,,,,,4399
,,,,,4399
,,,,,4399
,,,,,-701
,,,,,-701
,,,,,-701
,,,,,-701
,,,,,-701
,,,,,-701
128,2016,09,26,60642097,-701
,,,,,-701
,,,,,-701
,,,,,-701
,,,,,-701
,,,,,-701
,,,,,-701
,,,,,-701
,,,,,-701
,,,,,-701
,,,,,-701
,,,,,-701
,,,,,-701
,,,,,-701
,,,,,-701
,,,,,-701
,,,,,-701
,,,,,-701
129,2016,09,26,60643108,-701
,,,,,-701
,,,,,-701
,,,,,-701
,,,,,-701
,,,,,-701
,,,,,-701
,,,,,-701
,,,,,1732
,,,,,1732
,,,,,1732
,,,,,1732
,,,,,1732
,,,,,1732
,,,,,1732
,,,,,1732
,,,,,-536
,,,,,-536
130,2016,09,26,60644113,-536
,,,,,-536
,,,,,-536
,,,,,-536
,,,,,-536
,,,,,-536
,,,,,-536
,,,,,-536
,,,,,-536
,,,,,-536
,,,,,-536
,,,,,-536
,,,,,884
,,,,,884
,,,,,884
,,,,,884
,,,,,884
,,,,,884
131,2016,09,26,60645124,884
,,,,,884
,,,,,884
,,,,,-382
,,,,,-382
,,,,,-382
,,,,,-382
,,,,,-382
,,,,,-382
,,,,,-382
,,,,,-382
,,,,,-382
,,,,,-382
,,,,,-382
,,,,,-382
,,,,,-382
,,,,,-382
,,,,,-382
132,2016,09,26,60646135,-382
,,,,,-382
,,,,,-382
,,,,,-382
,,,,,-382
,,,,,-382
,,,,,-382
,,,,,1268
,,,,,1268
,,,,,1268
,,,,,1268
,,,,,1268
,,,,,1268
,,,,,1268
,,,,,1268
,,,,,1268
,,,,,1268
,,,,,1268
133,2016,09,26,60647142,1268
,,,,,1268
,,,,,1268
,,,,,1268
,,,,,1268
,,,,,1268
,,,,,1268
,,,,,1268
,,,,,1268
,,,,,1268
,,,,,1268
,,,,,1268
,,,,,1268
,,,,,1268
,,,,,1268
,,,,,1268
,,,,,1268
,,,,,1268
134,2016,09,26,60648151,1268
,,,,,1268
,,,,,1268
,,,,,1268
,,,,,1268
,,,,,1268
,,,,,1268
,,,,,1268
,,,,,1268
,,,,,1268
,,,,,1268
,,,,,1268
,,,,,1268
,,,,,1268
,,,,,1268
,,,,,1268
,,,,,1268
,,,,,1268
135,2016,09,26,60649159,1268
,,,,,1268
,,,,,1268
,,,,,1268
,,,,,1268
,,,,,1268
,,,,,1268
,,,,,-2928
,,,,,-2928
,,,,,-2928
,,,,,-2928
,,,,,-2928
,,,,,-2928
,,,,,-2928
,,,,,-2928
,,,,,-2928
,,,,,-2928
,,,,,-2928
136,2016,09,26,60650168,-2928
,,,,,-2928
,,,,,745
,,,,,745
,,,,,745
,,,,,745
,,,,,745
,,,,,745
,,,,,745
,,,,,745
,,,,,745
,,,,,745
,,,,,745
,,,,,745
,,,,,745
,,,,,745
,,,,,745
,,,,,745
137,2016,09,26,60651176,745
,,,,,745
,,,,,745
,,,,,745
,,,,,745
,,,,,745
,,,,,745
,,,,,745
,,,,,745
,,,,,745
,,,,,745
,,,,,745
,,,,,745
,,,,,745
,,,,,745
,,,,,745
,,,,,745
,,,,,745
138,2016,09,26,60652186,745
,,,,,745
,,,,,745
,,,,,745
,,,,,745
,,,,,745
,,,,,-2432
,,,,,-2432
,,,,,-2432
,,,,,-2432
,,,,,-2432
,,,,,-2432
,,,,,-2432
,,,,,-2432
,,,,,-2432
,,,,,-2432
,,,,,-2432
,,,,,-2432
139,2016,09,26,60653192,-2432
,,,,,-2432
,,,,,-2432
,,,,,-2432
,,,,,-2432
,,,,,-2432
,,,,,-2432
,,,,,-2432
,,,,,-2432
,,,,,-2432
,,,,,-2432
,,,,,1269
,,,,,1269
,,,,,1269
,,,,,1269
,,,,,-111
,,,,,-111
,,,,,-111
140,2016,09,26,60654200,-111
,,,,,-111
,,,,,-111
,,,,,-111
,,,,,-111
,,,,,-111
,,,,,-111
,,,,,-111
,,,,,-111
,,,,,-111
,,,,,-111
,,,,,-111
,,,,,-111
,,,,,-111
,,,,,-111
,,,,,-111
,,,,,-111
,,,,,-111
141,2016,09,26,60655211,-111
,,,,,-111
,,,,,-111
,,,,,-111
,,,,,-111
,,,,,-111
,,,,,-111
,,,,,-111
,,,,,-111
,,,,,-111
,,,,,-111
,,,,,-111
,,,,,-111
,,,,,-111
,,,,,-111
,,,,,-111
,,,,,-111
,,,,,-111
142,2016,09,26,60656212,-111
,,,,,-111
,,,,,-111
,,,,,-111
,,,,,-111
,,,,,-111
,,,,,-111
,,,,,-111
,,,,,-111
,,,,,-111
,,,,,-111
,,,,,-111
,,,,,-111
,,,,,-111
,,,,,-111
,,,,,3109
,,,,,3109
,,,,,3109
143,2016,09,26,60657225,3109
,,,,,3109
,,,,,3109
,,,,,3109
,,,,,3109
,,,,,3109
,,,,,3109
,,,,,3109
,,,,,3109
,,,,,3109
,,,,,3109
,,,,,3109
,,,,,3109
,,,,,3109
,,,,,-986
,,,,,-986
,,,,,-986
,,,,,-986
144,2016,09,26,60658233,-986
,,,,,-986
,,,,,-986
,,,,,-986
,,,,,-986
,,,,,-986
,,,,,-986
,,,,,-986
,,,,,-986
,,,,,-986
,,,,,767
,,,,,767
,,,,,767
,,,,,767
,,,,,-112
,,,,,-112
,,,,,-112
,,,,,-112
145,2016,09,26,60659241,-112
,,,,,-112
,,,,,-112
,,,,,-112
,,,,,-112
,,,,,-112
,,,,,-112
,,,,,-112
,,,,,-112
,,,,,-112
,,,,,-112
,,,,,-112
,,,,,-112
,,,,,-112
,,,,,-112
,,,,,-112
,,,,,-112
,,,,,-112
146,2016,09,26,60660249,-112
,,,,,-112
,,,,,-112
,,,,,-112
,,,,,-112
,,,,,-112
,,,,,-112
,,,,,-112
,,,,,-112
,,,,,-112
,,,,,-112
,,,,,-112
,,,,,-112
,,,,,-112
,,,,,-112
,,,,,-112
,,,,,-112
,,,,,-112
147,2016,09,26,60661257,-112
,,,,,-112
,,,,,-112
,,,,,-112
,,,,,-112
,,,,,-112
,,,,,-112
,,,,,-112
,,,,,-112
,,,,,-112
,,,,,-112
,,,,,-112
,,,,,-112
,,,,,-112
,,,,,-112
,,,,,-112
,,,,,-112
,,,,,-112
148,2016,09,26,60662265,-112
,,,,,-112
,,,,,-112
,,,,,-112
,,,,,-112
,,,,,-112
,,,,,-112
,,,,,-112
,,,,,-112
,,,,,-112
,,,,,-112
,,,,,-112
,,,,,-112
,,,,,-112
,,,,,-112
,,,,,-112
,,,,,-112
,,,,,-112
149,2016,09,26,60663273,-112
,,,,,-112
,,,,,-112
,,,,,-112
,,,,,-112
,,,,,-112
,,,,,-112
,,,,,-112
,,,,,-112
,,,,,-112
,,,,,-112
,,,,,-112
,,,,,-112
,,,,,-112
,,,,,-112
,,,,,-112
,,,,,-112
,,,,,-112
150,2016,09,26,60664282,-112
,,,,,-112
,,,,,-112
,,,,,-112
,,,,,-112
,,,,,5462
,,,,,5462
,,,,,5462
,,,,,5462
,,,,,5462
,,,,,5462
,,,,,5462
,,,,,5462
,,,,,5462
,,,,,5462
,,,,,5462
,,,,,5462
,,,,,5462
151,2016,09,26,60665290,5462
,,,,,5462
,,,,,5462
,,,,,5462
,,,,,5462
,,,,,5462
,,,,,5462
,,,,,5462
,,,,,5462
,,,,,5462
,,,,,5462
,,,,,5462
,,,,,5462
,,,,,5462
,,,,,5462
,,,,,5462
,,,,,5462
,,,,,5462
152,2016,09,26,60666298,-1790
,,,,,-1790
,,,,,-1790
,,,,,-1790
,,,,,-1790
,,,,,-1790
,,,,,-1790
,,,,,-1790
,,,,,-1790
,,,,,-1790
,,,,,-1790
,,,,,-1790
,,,,,-1790
,,,,,-1790
,,,,,-1790
,,,,,-1790
,,,,,-1790
,,,,,-1790
153,2016,09,26,60667305,-1790
,,,,,-1790
,,,,,-1790
,,,,,-1790
,,,,,-1790
,,,,,-1790
,,,,,-1790
,,,,,-1790
,,,,,-1790
,,,,,-1790
,,,,,-1790
,,,,,-1790
,,,,,-1790
,,,,,-1790
,,,,,-1790
,,,,,-1790
,,,,,-1790
,,,,,-1790
154,2016,09,26,60668314,-1790
,,,,,-1790
,,,,,-1790
,,,,,-1790
,,,,,-1790
,,,,,-1790
,,,,,-1790
,,,,,-1790
,,,,,-1790
,,,,,-1790
,,,,,-1790
,,,,,-1790
,,,,,-1790
,,,,,-1790
,,,,,-1790
,,,,,-1790
,,,,,-1790
,,,,,-1790
155,2016,09,26,60669322,-1790
,,,,,-1790
,,,,,-1790
,,,,,-1790
,,,,,-1790
,,,,,-1790
,,,,,-1790
,,,,,-1790
,,,,,-1790
,,,,,-1790
,,,,,-1790
,,,,,-1790
,,,,,-1790
,,,,,3771
,,,,,3771
,,,,,3771
,,,,,3771
,,,,,3771
156,2016,09,26,60670329,3771
,,,,,3771
,,,,,3771
,,,,,3771
,,,,,-534
,,,,,-534
,,,,,-534
,,,,,-534
,,,,,-534
,,,,,-534
,,,,,-534
,,,,,-534
,,,,,-534
,,,,,-534
,,,,,-534
,,,,,-534
,,,,,-534
,,,,,-534
157,2016,09,26,60671338,-534
,,,,,-534
,,,,,-534
,,,,,-534
,,,,,-534
,,,,,-534
,,,,,-534
,,,,,-534
,,,,,-534
,,,,,-534
,,,,,-534
,,,,,-534
,,,,,-534
,,,,,-534
,,,,,-534
,,,,,-534
,,,,,-534
,,,,,-534
158,2016,09,26,60672346,-534
,,,,,-534
,,,,,-534
,,,,,-534
,,,,,-534
,,,,,-534
,,,,,-534
,,,,,-534
,,,,,-534
,,,,,-534
,,,,,-534
,,,,,-534
,,,,,-534
,,,,,-534
,,,,,-534
,,,,,-534
,,,,,-534
,,,,,-534
159,2016,09,26,60673354,-534
,,,,,-534
,,,,,-534
,,,,,-534
,,,,,-534
,,,,,-534
,,,,,-534
,,,,,-534
,,,,,-534
,,,,,-534
,,,,,-534
,,,,,-534
,,,,,-534
,,,,,-534
,,,,,-534
,,,,,-534
,,,,,-534
,,,,,3680
160,2016,09,26,60674362,3680
,,,,,3680
,,,,,3680
,,,,,3680
,,,,,3680
,,,,,3680
,,,,,3680
,,,,,3680
,,,,,-619
,,,,,-619
,,,,,-619
,,,,,-619
,,,,,-619
,,,,,-619
,,,,,-619
,,,,,-619
,,,,,517
,,,,,517
161,2016,09,26,60675370,517
,,,,,517
,,,,,517
,,,,,517
,,,,,517
,,,,,517
,,,,,517
,,,,,517
,,,,,517
,,,,,517
,,,,,517
,,,,,517
,,,,,517
,,,,,517
,,,,,517
,,,,,517
,,,,,517
,,,,,517
162,2016,09,26,60676378,517
,,,,,517
,,,,,517
,,,,,517
,,,,,517
,,,,,517
,,,,,517
,,,,,517
,,,,,517
,,,,,517
,,,,,517
,,,,,517
,,,,,517
,,,,,517
,,,,,517
,,,,,517
,,,,,517
,,,,,517
163,2016,09,26,60677386,517
,,,,,517
,,,,,517
,,,,,-2152
,,,,,-2152
,,,,,-2152
,,,,,-2152
,,,,,150
,,,,,150
,,,,,150
,,,,,150
,,,,,150
,,,,,150
,,,,,150
,,,,,150
,,,,,150
,,,,,150
,,,,,150
164,2016,09,26,60678394,150
,,,,,150
,,,,,150
,,,,,150
,,,,,150
,,,,,150
,,,,,150
,,,,,150
,,,,,150
,,,,,150
,,,,,150
,,,,,-1510
,,,,,-1510
,,,,,-1510
,,,,,-1510
,,,,,-1510
,,,,,266
,,,,,266
165,2016,09,26,60679402,266
,,,,,266
,,,,,266
,,,,,266
,,,,,266
,,,,,266
,,,,,266
,,,,,266
,,,,,266
,,,,,266
,,,,,266
,,,,,266
,,,,,266
,,,,,266
,,,,,266
,,,,,266
,,,,,266
,,,,,266
166,2016,09,26,60680410,266
,,,,,266
,,,,,-1171
,,,,,-1171
,,,,,-1171
,,,,,-1171
,,,,,-1171
,,,,,-1171
,,,,,-1171
,,,,,-1171
,,,,,-1171
,,,,,482
,,,,,482
,,,,,482
,,,,,482
,,,,,482
,,,,,-229
,,,,,-229
167,2016,09,26,60681418,-229
,,,,,-229
,,,,,320
,,,,,320
,,,,,320
,,,,,320
,,,,,320
,,,,,-198
,,,,,-198
,,,,,-198
,,,,,-198
,,,,,-198
,,,,,-198
,,,,,-198
,,,,,-198
,,,,,-198
,,,,,-198
,,,,,-198
168,2016,09,26,60682426,-198
,,,,,-198
,,,,,-198
,,,,,-198
,,,,,-198
,,,,,-198
,,,,,-198
,,,,,-198
,,,,,-198
,,,,,-198
,,,,,-198
,,,,,1245
,,,,,1245
,,,,,1245
,,,,,1245
,,,,,1245
,,,,,1245
,,,,,1245
169,2016,09,26,60683434,1245
,,,,,1245
,,,,,1245
,,,,,1245
,,,,,1245
,,,,,1245
,,,,,1245
,,,,,1245
,,,,,1245
,,,,,1245
,,,,,1245
,,,,,1245
,,,,,1245
,,,,,1245
,,,,,1245
,,,,,-1337
,,,,,-1337
,,,,,-1337
170,2016,09,26,60684445,-1337
,,,,,-1337
,,,,,-1337
,,,,,-1337
,,,,,-1337
,,,,,-1337
,,,,,-1337
,,,,,-1337
,,,,,-1337
,,,,,-1337
,,,,,-1337
,,,,,-1337
,,,,,-1337
,,,,,-1337
,,,,,-1337
,,,,,820
,,,,,820
,,,,,820
171,2016,09,26,60685450,820
,,,,,820
,,,,,-294
,,,,,-294
,,,,,-294
,,,,,-294
,,,,,-294
,,,,,-294
,,,,,-294
,,,,,-294
,,,,,-294
,,,,,-294
,,,,,-294
,,,,,-294
,,,,,-294
,,,,,873
,,,,,873
,,,,,873
172,2016,09,26,60686462,873
,,,,,873
,,,,,873
,,,,,873
,,,,,873
,,,,,873
,,,,,873
,,,,,873
,,,,,873
,,,,,873
,,,,,873
,,,,,873
,,,,,873
,,,,,873
,,,,,873
,,,,,873
,,,,,873
,,,,,873
173,2016,09,26,60687469,873
,,,,,873
,,,,,873
,,,,,873
,,,,,873
,,,,,873
,,,,,873
,,,,,873
,,,,,873
,,,,,873
,,,,,-1647
,,,,,-1647
,,,,,-1647
,,,,,-1647
,,,,,-1647
,,,,,-1647
,,,,,-1647
,,,,,-1647
174,2016,09,26,60688477,-1647
,,,,,499
,,,,,499
,,,,,499
,,,,,499
,,,,,499
,,,,,499
,,,,,499
,,,,,499
,,,,,499
,,,,,499
,,,,,499
,,,,,499
,,,,,499
,,,,,499
,,,,,499
,,,,,499
,,,,,499
175,2016,09,26,60689482,499
,,,,,499
,,,,,499
,,,,,499
,,,,,499
,,,,,499
,,,,,499
,,,,,499
,,,,,499
,,,,,499
,,,,,-1391
,,,,,-1391
,,,,,-1391
,,,,,-1391
,,,,,-1391
,,,,,-1391
,,,,,-1391
,,,,,-1391
176,2016,09,26,60690491,-1391
,,,,,-1391
,,,,,-1391
,,,,,-1391
,,,,,-1391
,,,,,-1391
,,,,,-1391
,,,,,-1391
,,,,,-1391
,,,,,-1391
,,,,,-1391
,,,,,-1391
,,,,,-1391
,,,,,-1391
,,,,,-1391
,,,,,-1391
,,,,,-1391
,,,,,-1391
177,2016,09,26,60691501,-1391
,,,,,-1391
,,,,,-1391
,,,,,-1391
,,,,,-1391
,,,,,-1391
,,,,,-1391
,,,,,-1391
,,,,,-1391
,,,,,-1391
,,,,,-1391
,,,,,-1391
,,,,,-1391
,,,,,-1391
,,,,,-1391
,,,,,-1391
,,,,,-1391
,,,,,-1391
178,2016,09,26,60692506,-1391
,,,,,-1391
,,,,,-1391
,,,,,-1391
,,,,,-1391
,,,,,-1391
,,,,,-1391
,,,,,-1391
,,,,,-1391
,,,,,3092
,,,,,3092
,,,,,3092
,,,,,3092
,,,,,3092
,,,,,3092
,,,,,3092
,,,,,3092
,,,,,3092
179,2016,09,26,60693517,3092
,,,,,3092
,,,,,3092
,,,,,3092
,,,,,3092
,,,,,3092
,,,,,3092
,,,,,3092
,,,,,3092
,,,,,3092
,,,,,3092
,,,,,3092
,,,,,3092
,,,,,3092
,,,,,3092
,,,,,3092
,,,,,3092
,,,,,3092
180,2016,09,26,60694523,3092
,,,,,3092
,,,,,3092
,,,,,3092
,,,,,3092
,,,,,3092
,,,,,3092
,,,,,3092
,,,,,3092
,,,,,3092
,,,,,3092
,,,,,3092
,,,,,3092
,,,,,3092
,,,,,3092
,,,,,3092
,,,,,3092
,,,,,3092
181,2016,09,26,60695531,3092
,,,,,3092
,,,,,3092
,,,,,3092
,,,,,3092
,,,,,3092
,,,,,3092
,,,,,3092
,,,,,3092
,,,,,3092
,,,,,3092
,,,,,3092
,,,,,3092
,,,,,3092
,,,,,3092
,,,,,3092
,,,,,3092
,,,,,3092
182,2016,09,26,60696539,3092
,,,,,3092
,,,,,3092
,,,,,3092
,,,,,3092
,,,,,3092
,,,,,3092
,,,,,3092
,,,,,3092
,,,,,-3963
,,,,,-3963
,,,,,-3963
,,,,,-3963
,,,,,-3963
,,,,,-3963
,,,,,-3963
,,,,,-3963
,,,,,-3963
183,2016,09,26,60697547,-3963
,,,,,-3963
,,,,,-3963
,,,,,-3963
,,,,,-3963
,,,,,-3963
,,,,,-3963
,,,,,-3963
,,,,,-3963
,,,,,-3963
,,,,,-3963
,,,,,-3963
,,,,,-3963
,,,,,1277
,,,,,1277
,,,,,1277
,,,,,1277
,,,,,1277
184,2016,09,26,60698558,-322
,,,,,-322
,,,,,-322
,,,,,-322
,,,,,321
,,,,,321
,,,,,321
,,,,,321
,,,,,321
,,,,,321
,,,,,321
,,,,,321
,,,,,321
,,,,,321
,,,,,321
,,,,,321
,,,,,321
,,,,,321
185,2016,09,26,60699566,321
,,,,,321
,,,,,321
,,,,,321
,,,,,321
,,,,,321
,,,,,321
,,,,,321
,,,,,321
,,,,,321
,,,,,321
,,,,,321
,,,,,321
,,,,,321
,,,,,321
,,,,,321
,,,,,321
,,,,,321
186,2016,09,26,60700573,321
,,,,,321
,,,,,321
,,,,,321
,,,,,321
,,,,,321
,,,,,321
,,,,,321
,,,,,-2126
,,,,,-2126
,,,,,-2126
,,,,,-2126
,,,,,-2126
,,,,,-2126
,,,,,-2126
,,,,,-2126
,,,,,-2126
,,,,,369
187,2016,09,26,60701582,369
,,,,,369
,,,,,369
,,,,,369
,,,,,369
,,,,,369
,,,,,369
,,,,,369
,,,,,369
,,,,,369
,,,,,369
,,,,,369
,,,,,369
,,,,,-751
,,,,,-751
,,,,,-751
,,,,,-751
,,,,,-751
188,2016,09,26,60702590,-751
,,,,,-751
,,,,,-751
,,,,,-751
,,,,,-751
,,,,,-751
,,,,,-751
,,,,,-751
,,,,,-751
,,,,,-751
,,,,,-751
,,,,,-751
,,,,,1250
,,,,,1250
,,,,,1250
,,,,,1250
,,,,,1250
,,,,,1250
189,2016,09,26,60703597,1250
,,,,,1250
,,,,,1250
,,,,,1250
,,,,,1250
,,,,,1250
,,,,,1250
,,,,,1250
,,,,,1250
,,,,,1250
,,,,,1250
,,,,,1250
,,,,,1250
,,,,,1250
,,,,,1250
,,,,,1250
,,,,,1250
,,,,,1250
190,2016,09,26,60704606,1250
,,,,,1250
,,,,,1250
,,,,,-1329
,,,,,-1329
,,,,,-1329
,,,,,-1329
,,,,,-1329
,,,,,370
,,,,,370
,,,,,370
,,,,,370
,,,,,-251
,,,,,-251
,,,,,-251
,,,,,-251
,,,,,-251
,,,,,-251
191,2016,09,26,60705614,-251
,,,,,-251
,,,,,-251
,,,,,-251
,,,,,-251
,,,,,-251
,,,,,-251
,,,,,-251
,,,,,-251
,,,,,-251
,,,,,-251
,,,,,-251
,,,,,-251
,,,,,-251
,,,,,-251
,,,,,-251
,,,,,-251
,,,,,-251
192,2016,09,26,60706622,-251
,,,,,-251
,,,,,-251
,,,,,-251
,,,,,-251
,,,,,-251
,,,,,-251
,,,,,-251
,,,,,-251
,,,,,-251
,,,,,-251
,,,,,-251
,,,,,-251
,,,,,-251
,,,,,-251
,,,,,-251
,,,,,-251
,,,,,-251
193,2016,09,26,60707630,-251
,,,,,-251
,,,,,-251
,,,,,2394
,,,,,2394
,,,,,2394
,,,,,2394
,,,,,-402
,,,,,-402
,,,,,-402
,,,,,-402
,,,,,-402
,,,,,204
,,,,,204
,,,,,204
,,,,,204
,,,,,-200
,,,,,-200
194,2016,09,26,60708639,-200
,,,,,-200
,,,,,-200
,,,,,-200
,,,,,-200
,,,,,-200
,,,,,-200
,,,,,-200
,,,,,-200
,,,,,-200
,,,,,-200
,,,,,-200
,,,,,-200
,,,,,-200
,,,,,-200
,,,,,-200
,,,,,-200
,,,,,-200
195,2016,09,26,60709643,-200
,,,,,-200
,,,,,-200
,,,,,-200
,,,,,-200
,,,,,-200
,,,,,-200
,,,,,-200
,,,,,-200
,,,,,-200
,,,,,-200
,,,,,-200
,,,,,-200
,,,,,-200
,,,,,-200
,,,,,-200
,,,,,-200
,,,,,-200
196,2016,09,26,60710655,-200
,,,,,-200
,,,,,-200
,,,,,-200
,,,,,-200
,,,,,-200
,,,,,-200
,,,,,-200
,,,,,-200
,,,,,-200
,,,,,-200
,,,,,-200
,,,,,-200
,,,,,-200
,,,,,-200
,,,,,-200
,,,,,-200
,,,,,-200
197,2016,09,26,60711659,-200
,,,,,-200
,,,,,3152
,,,,,3152
,,,,,3152
,,,,,3152
,,,,,3152
,,,,,3152
,,,,,3152
,,,,,3152
,,,,,3152
,,,,,3152
,,,,,3152
,,,,,3152
,,,,,3152
,,,,,3152
,,,,,3152
,,,,,3152
198,2016,09,26,60712671,3152
,,,,,3152
,,,,,-1045
,,,,,-1045
,,,,,-1045
,,,,,-1045
,,,,,-1045
,,,,,-1045
,,,,,-1045
,,,,,-1045
,,,,,-1045
,,,,,-1045
,,,,,-1045
,,,,,-1045
,,,,,-1045
,,,,,-1045
,,,,,884
,,,,,884
199,2016,09,26,60713679,884
,,,,,884
,,,,,884
,,,,,884
,,,,,884
,,,,,884
,,,,,884
,,,,,884
,,,,,884
,,,,,884
,,,,,884
,,,,,884
,,,,,884
,,,,,884
,,,,,884
,,,,,884
,,,,,884
,,,,,884
200,2016,09,26,60714685,884
,,,,,884
,,,,,884
,,,,,884
,,,,,884
,,,,,884
,,,,,-1496
,,,,,-1496
,,,,,-1496
,,,,,-1496
,,,,,-1496
,,,,,289
,,,,,289
,,,,,289
,,,,,289
,,,,,289
,,,,,289
,,,,,289
201,2016,09,26,60715695,289
,,,,,289
,,,,,289
,,,,,289
,,,,,289
,,,,,289
,,,,,289
,,,,,289
,,,,,289
,,,,,289
,,,,,289
,,,,,289
,,,,,289
,,,,,289
,,,,,289
,,,,,289
,,,,,289
,,,,,289
202,2016,09,26,60716703,289
,,,,,289
,,,,,289
,,,,,289
,,,,,289
,,,,,289
,,,,,289
,,,,,289
,,,,,289
,,,,,289
,,,,,289
,,,,,289
,,,,,289
,,,,,289
,,,,,289
,,,,,289
,,,,,289
,,,,,289
203,2016,09,26,60717709,289
,,,,,289
,,,,,289
,,,,,289
,,,,,289
,,,,,289
,,,,,289
,,,,,289
,,,,,289
,,,,,289
,,,,,289
,,,,,289
,,,,,289
,,,,,289
,,,,,289
,,,,,289
,,,,,289
,,,,,289
204,2016,09,26,60718718,289
,,,,,289
,,,,,289
,,,,,289
,,,,,289
,,,,,289
,,,,,289
,,,,,289
,,,,,289
,,,,,289
,,,,,289
,,,,,289
,,,,,289
,,,,,289
,,,,,289
,,,,,289
,,,,,289
,,,,,289
205,2016,09,26,60719725,289
,,,,,289
,,,,,289
,,,,,289
,,,,,289
,,,,,289
,,,,,-4531
,,,,,-4531
,,,,,-4531
,,,,,-4531
,,,,,202
,,,,,202
,,,,,202
,,,,,202
,,,,,202
,,,,,-317
,,,,,-317
,,,,,-317
206,2016,09,26,60720735,-317
,,,,,-317
,,,,,-317
,,,,,-317
,,,,,-317
,,,,,-317
,,,,,-317
,,,,,-317
,,,,,-317
,,,,,-317
,,,,,-317
,,,,,-317
,,,,,-317
,,,,,-317
,,,,,-317
,,,,,-317
,,,,,-317
,,,,,-317
207,2016,09,26,60721744,-317
,,,,,-317
,,,,,-317
,,,,,-317
,,,,,-317
,,,,,-317
,,,,,-317
,,,,,-317
,,,,,-317
,,,,,-317
,,,,,-317
,,,,,-317
,,,,,-317
,,,,,-317
,,,,,-317
,,,,,-317
,,,,,-317
,,,,,-317
208,2016,09,26,60722752,-317
,,,,,-317
,,,,,-317
,,,,,-317
,,,,,-317
,,,,,-317
,,,,,-317
,,,,,-317
,,,,,-317
,,,,,-317
,,,,,-317
,,,,,-317
,,,,,-317
,,,,,-317
,,,,,-317
,,,,,-317
,,,,,-317
,,,,,-317
209,2016,09,26,60723759,-317
,,,,,-317
,,,,,-317
,,,,,-317
,,,,,-317
,,,,,-317
,,,,,-317
,,,,,-317
,,,,,-317
,,,,,-317
,,,,,-317
,,,,,-317
,,,,,-317
,,,,,-317
,,,,,-317
,,,,,-317
,,,,,-317
,,,,,-317
210,2016,09,26,60724768,-317
,,,,,-317
,,,,,-317
,,,,,-317
,,,,,-317
,,,,,-317
,,,,,-317
,,,,,-317
,,,,,-317
,,,,,-317
,,,,,-317
,,,,,-317
,,,,,-317
,,,,,-317
,,,,,-317
,,,,,-317
,,,,,-317
,,,,,-317
211,2016,09,26,60725776,-317
,,,,,-317
,,,,,-317
,,,,,-317
,,,,,-317
,,,,,-317
,,,,,-317
,,,,,-317
,,,,,-317
,,,,,-317
,,,,,-317
,,,,,-317
,,,,,-317
,,,,,-317
,,,,,-317
,,,,,-317
,,,,,-317
,,,,,-317
212,2016,09,26,60726783,-317
,,,,,-317
,,,,,-317
,,,,,-317
,,,,,-317
,,,,,-317
,,,,,-317
,,,,,-317
,,,,,-317
,,,,,6855
,,,,,6855
,,,,,6855
,,,,,6855
,,,,,6855
,,,,,6855
,,,,,6855
,,,,,6855
,,,,,6855
213,2016,09,26,60727792,6855
,,,,,6855
,,,,,6855
,,,,,6855
,,,,,6855
,,,,,6855
,,,,,6855
,,,,,6855
,,,,,6855
,,,,,6855
,,,,,6855
,,,,,6855
,,,,,6855
,,,,,-1143
,,,,,-1143
,,,,,-1143
,,,,,-1143
,,,,,-1143
214,2016,09,26,60728799,-1143
,,,,,-1143
,,,,,-1143
,,,,,-1143
,,,,,-1143
,,,,,-1143
,,,,,-1143
,,,,,-1143
,,,,,-1143
,,,,,-1143
,,,,,-1143
,,,,,-1143
,,,,,-1143
,,,,,1087
,,,,,1087
,,,,,1087
,,,,,1087
,,,,,1087
215,2016,09,26,60729807,-313
,,,,,-313
,,,,,-313
,,,,,-313
,,,,,-313
,,,,,-313
,,,,,-313
,,,,,-313
,,,,,-313
,,,,,-313
,,,,,-313
,,,,,-313
,,,,,-313
,,,,,728
,,,,,728
,,,,,728
,,,,,728
,,,,,728
216,2016,09,26,60730816,-144
,,,,,-144
,,,,,-144
,,,,,-144
,,,,,-144
,,,,,-144
,,,,,-144
,,,,,-144
,,,,,-144
,,,,,-144
,,,,,-144
,,,,,-144
,,,,,-144
,,,,,-144
,,,,,-144
,,,,,-144
,,,,,-144
,,,,,-144
217,2016,09,26,60731823,-144
,,,,,-144
,,,,,-144
,,,,,-144
,,,,,1227
,,,,,1227
,,,,,1227
,,,,,1227
,,,,,1227
,,,,,1227
,,,,,1227
,,,,,1227
,,,,,1227
,,,,,1227
,,,,,1227
,,,,,1227
,,,,,1227
,,,,,1227
218,2016,09,26,60732831,1227
,,,,,1227
,,,,,1227
,,,,,1227
,,,,,1227
,,,,,1227
,,,,,1227
,,,,,1227
,,,,,1227
,,,,,1227
,,,,,1227
,,,,,1227
,,,,,1227
,,,,,1227
,,,,,1227
,,,,,1227
,,,,,1227
,,,,,1227
219,2016,09,26,60733841,1227
,,,,,1227
,,,,,1227
,,,,,1227
,,,,,1227
,,,,,1227
,,,,,1227
,,,,,1227
,,,,,-2249
,,,,,-2249
,,,,,-2249
,,,,,-2249
,,,,,-2249
,,,,,-2249
,,,,,-2249
,,,,,-2249
,,,,,-2249
,,,,,-2249
220,2016,09,26,60734847,-2249
,,,,,-2249
,,,,,-2249
,,,,,-2249
,,,,,-2249
,,,,,-2249
,,,,,-2249
,,,,,-2249
,,,,,-2249
,,,,,-2249
,,,,,-2249
,,,,,-2249
,,,,,-2249
,,,,,-2249
,,,,,-2249
,,,,,-2249
,,,,,-2249
,,,,,-2249
221,2016,09,26,60735855,-2249
,,,,,-2249
,,,,,-2249
,,,,,-2249
,,,,,-2249
,,,,,-2249
,,,,,-2249
,,,,,-2249
,,,,,-2249
,,,,,-2249
,,,,,-2249
,,,,,-2249
,,,,,2364
,,,,,2364
,,,,,2364
,,,,,2364
,,,,,2364
,,,,,2364
222,2016,09,26,60736863,2364
,,,,,2364
,,,,,2364
,,,,,2364
,,,,,2364
,,,,,2364
,,,,,2364
,,,,,2364
,,,,,-727
,,,,,-727
,,,,,-727
,,,,,-727
,,,,,111
,,,,,111
,,,,,111
,,,,,111
,,,,,111
,,,,,-344
223,2016,09,26,60737873,-344
,,,,,-344
,,,,,-344
,,,,,-344
,,,,,-344
,,,,,-344
,,,,,-344
,,,,,-344
,,,,,-344
,,,,,-344
,,,,,-344
,,,,,-344
,,,,,-344
,,,,,-344
,,,,,-344
,,,,,-344
,,,,,1046
,,,,,1046
224,2016,09,26,60738881,1046
,,,,,1046
,,,,,1046
,,,,,1046
,,,,,1046
,,,,,1046
,,,,,1046
,,,,,-491
,,,,,-491
,,,,,-491
,,,,,-491
,,,,,-491
,,,,,-491
,,,,,-491
,,,,,-491
,,,,,-491
,,,,,-491
,,,,,-491
