SeqNo, Year, Month, Day, ms, Breathing Waveform
0,2016,09,16,3796281,509
,,,,,509
,,,,,509
,,,,,509
,,,,,509
,,,,,509
,,,,,509
,,,,,509
,,,,,509
,,,,,509
,,,,,509
,,,,,509
,,,,,509
,,,,,509
,,,,,510
,,,,,510
,,,,,510
,,,,,511
1,2016,09,16,3797289,512
,,,,,512
,,,,,513
,,,,,513
,,,,,513
,,,,,514
,,,,,514
,,,,,514
,,,,,514
,,,,,514
,,,,,514
,,,,,514
,,,,,514
,,,,,514
,,,,,514
,,,,,514
,,,,,514
,,,,,514
2,2016,09,16,3798297,514
,,,,,513
,,,,,513
,,,,,513
,,,,,513
,,,,,513
,,,,,513
,,,,,513
,,,,,513
,,,,,513
,,,,,513
,,,,,513
,,,,,513
,,,,,513
,,,,,513
,,,,,512
,,,,,512
,,,,,512
3,2016,09,16,3799305,512
,,,,,512
,,,,,512
,,,,,512
,,,,,512
,,,,,511
,,,,,511
,,,,,511
,,,,,511
,,,,,511
,,,,,510
,,,,,510
,,,,,510
,,,,,509
,,,,,509
,,,,,509
,,,,,509
,,,,,509
4,2016,09,16,3800313,509
,,,,,509
,,,,,509
,,,,,509
,,,,,509
,,,,,509
,,,,,510
,,,,,510
,,,,,510
,,,,,510
,,,,,511
,,,,,511
,,,,,512
,,,,,512
,,,,,512
,,,,,513
,,,,,513
,,,,,513
5,2016,09,16,3801322,513
,,,,,514
,,,,,514
,,,,,514
,,,,,514
,,,,,514
,,,,,514
,,,,,514
,,,,,513
,,,,,513
,,,,,513
,,,,,513
,,,,,512
,,,,,512
,,,,,512
,,,,,512
,,,,,512
,,,,,512
6,2016,09,16,3802329,512
,,,,,512
,,,,,512
,,,,,512
,,,,,512
,,,,,511
,,,,,511
,,,,,511
,,,,,511
,,,,,511
,,,,,510
,,,,,510
,,,,,510
,,,,,510
,,,,,511
,,,,,511
,,,,,510
,,,,,510
7,2016,09,16,3803338,510
,,,,,510
,,,,,510
,,,,,511
,,,,,511
,,,,,511
,,,,,511
,,,,,511
,,,,,512
,,,,,512
,,,,,512
,,,,,514
,,,,,515
,,,,,517
,,,,,518
,,,,,518
,,,,,520
,,,,,520
8,2016,09,16,3804346,520
,,,,,519
,,,,,518
,,,,,516
,,,,,515
,,,,,513
,,,,,513
,,,,,512
,,,,,512
,,,,,512
,,,,,512
,,,,,512
,,,,,512
,,,,,512
,,,,,512
,,,,,512
,,,,,512
,,,,,512
9,2016,09,16,3805353,513
,,,,,513
,,,,,513
,,,,,513
,,,,,512
,,,,,512
,,,,,512
,,,,,512
,,,,,512
,,,,,512
,,,,,511
,,,,,511
,,,,,511
,,,,,511
,,,,,511
,,,,,511
,,,,,511
,,,,,511
10,2016,09,16,3806361,511
,,,,,511
,,,,,511
,,,,,510
,,,,,510
,,,,,510
,,,,,510
,,,,,510
,,,,,510
,,,,,510
,,,,,510
,,,,,510
,,,,,510
,,,,,510
,,,,,510
,,,,,510
,,,,,511
,,,,,511
11,2016,09,16,3807370,512
,,,,,512
,,,,,512
,,,,,512
,,,,,512
,,,,,512
,,,,,513
,,,,,513
,,,,,513
,,,,,514
,,,,,514
,,,,,513
,,,,,513
,,,,,513
,,,,,512
,,,,,512
,,,,,512
,,,,,512
12,2016,09,16,3808378,512
,,,,,511
,,,,,511
,,,,,511
,,,,,511
,,,,,511
,,,,,511
,,,,,511
,,,,,511
,,,,,510
,,,,,510
,,,,,510
,,,,,510
,,,,,510
,,,,,510
,,,,,510
,,,,,509
,,,,,509
13,2016,09,16,3809387,509
,,,,,509
,,,,,510
,,,,,510
,,,,,510
,,,,,510
,,,,,510
,,,,,511
,,,,,511
,,,,,511
,,,,,512
,,,,,512
,,,,,512
,,,,,512
,,,,,512
,,,,,512
,,,,,512
,,,,,512
14,2016,09,16,3810394,512
,,,,,512
,,,,,512
,,,,,512
,,,,,512
,,,,,512
,,,,,512
,,,,,512
,,,,,511
,,,,,511
,,,,,511
,,,,,511
,,,,,511
,,,,,511
,,,,,511
,,,,,512
,,,,,512
,,,,,512
15,2016,09,16,3811402,512
,,,,,512
,,,,,512
,,,,,512
,,,,,511
,,,,,511
,,,,,511
,,,,,511
,,,,,511
,,,,,511
,,,,,511
,,,,,511
,,,,,511
,,,,,511
,,,,,511
,,,,,511
,,,,,511
,,,,,511
16,2016,09,16,3812410,511
,,,,,510
,,,,,510
,,,,,510
,,,,,510
,,,,,510
,,,,,510
,,,,,511
,,,,,511
,,,,,512
,,,,,512
,,,,,512
,,,,,513
,,,,,513
,,,,,513
,,,,,513
,,,,,513
,,,,,513
17,2016,09,16,3813419,513
,,,,,513
,,,,,513
,,,,,514
,,,,,514
,,,,,514
,,,,,514
,,,,,514
,,,,,513
,,,,,512
,,,,,512
,,,,,511
,,,,,510
,,,,,510
,,,,,510
,,,,,510
,,,,,510
,,,,,510
18,2016,09,16,3814427,511
,,,,,511
,,,,,511
,,,,,511
,,,,,511
,,,,,510
,,,,,510
,,,,,510
,,,,,510
,,,,,510
,,,,,510
,,,,,511
,,,,,511
,,,,,511
,,,,,511
,,,,,511
,,,,,511
,,,,,511
19,2016,09,16,3815435,510
,,,,,510
,,,,,510
,,,,,510
,,,,,510
,,,,,510
,,,,,511
,,,,,511
,,,,,511
,,,,,512
,,,,,512
,,,,,512
,,,,,512
,,,,,513
,,,,,512
,,,,,512
,,,,,512
,,,,,513
20,2016,09,16,3816444,513
,,,,,513
,,,,,513
,,,,,513
,,,,,513
,,,,,513
,,,,,513
,,,,,513
,,,,,512
,,,,,512
,,,,,512
,,,,,512
,,,,,513
,,,,,513
,,,,,513
,,,,,513
,,,,,513
,,,,,513
21,2016,09,16,3817452,513
,,,,,512
,,,,,512
,,,,,512
,,,,,512
,,,,,512
,,,,,512
,,,,,512
,,,,,512
,,,,,512
,,,,,512
,,,,,512
,,,,,512
,,,,,512
,,,,,512
,,,,,512
,,,,,512
,,,,,512
22,2016,09,16,3818460,512
,,,,,512
,,,,,512
,,,,,512
,,,,,512
,,,,,512
,,,,,512
,,,,,512
,,,,,512
,,,,,512
,,,,,512
,,,,,511
,,,,,511
,,,,,511
,,,,,511
,,,,,511
,,,,,511
,,,,,511
23,2016,09,16,3819467,511
,,,,,511
,,,,,511
,,,,,511
,,,,,511
,,,,,511
,,,,,511
,,,,,511
,,,,,510
,,,,,510
,,,,,510
,,,,,510
,,,,,511
,,,,,511
,,,,,511
,,,,,511
,,,,,511
,,,,,511
24,2016,09,16,3820478,512
,,,,,512
,,,,,512
,,,,,512
,,,,,512
,,,,,512
,,,,,512
,,,,,513
,,,,,513
,,,,,513
,,,,,514
,,,,,514
,,,,,514
,,,,,514
,,,,,514
,,,,,513
,,,,,513
,,,,,513
25,2016,09,16,3821483,513
,,,,,513
,,,,,513
,,,,,513
,,,,,513
,,,,,513
,,,,,513
,,,,,513
,,,,,513
,,,,,513
,,,,,513
,,,,,513
,,,,,513
,,,,,513
,,,,,513
,,,,,513
,,,,,513
,,,,,513
26,2016,09,16,3822492,513
,,,,,513
,,,,,513
,,,,,513
,,,,,513
,,,,,513
,,,,,513
,,,,,513
,,,,,513
,,,,,513
,,,,,513
,,,,,513
,,,,,513
,,,,,513
,,,,,513
,,,,,513
,,,,,513
,,,,,513
27,2016,09,16,3823502,513
,,,,,512
,,,,,512
,,,,,512
,,,,,512
,,,,,513
,,,,,513
,,,,,513
,,,,,513
,,,,,513
,,,,,513
,,,,,512
,,,,,512
,,,,,512
,,,,,512
,,,,,512
,,,,,512
,,,,,512
28,2016,09,16,3824511,512
,,,,,512
,,,,,512
,,,,,512
,,,,,512
,,,,,512
,,,,,512
,,,,,512
,,,,,512
,,,,,512
,,,,,512
,,,,,512
,,,,,512
,,,,,512
,,,,,512
,,,,,512
,,,,,512
,,,,,512
29,2016,09,16,3825518,512
,,,,,512
,,,,,512
,,,,,512
,,,,,512
,,,,,511
,,,,,511
,,,,,511
,,,,,511
,,,,,511
,,,,,511
,,,,,511
,,,,,511
,,,,,511
,,,,,510
,,,,,510
,,,,,510
,,,,,510
30,2016,09,16,3826524,510
,,,,,510
,,,,,510
,,,,,510
,,,,,509
,,,,,509
,,,,,509
,,,,,510
,,,,,510
,,,,,510
,,,,,510
,,,,,511
,,,,,511
,,,,,511
,,,,,511
,,,,,511
,,,,,511
,,,,,512
31,2016,09,16,3827531,512
,,,,,512
,,,,,513
,,,,,513
,,,,,514
,,,,,514
,,,,,514
,,,,,514
,,,,,514
,,,,,513
,,,,,513
,,,,,513
,,,,,514
,,,,,514
,,,,,514
,,,,,514
,,,,,514
,,,,,514
32,2016,09,16,3828542,514
,,,,,514
,,,,,514
,,,,,514
,,,,,514
,,,,,514
,,,,,513
,,,,,513
,,,,,513
,,,,,513
,,,,,513
,,,,,513
,,,,,513
,,,,,514
,,,,,514
,,,,,514
,,,,,513
,,,,,513
33,2016,09,16,3829550,513
,,,,,513
,,,,,513
,,,,,512
,,,,,512
,,,,,511
,,,,,511
,,,,,511
,,,,,511
,,,,,511
,,,,,511
,,,,,511
,,,,,511
,,,,,511
,,,,,510
,,,,,510
,,,,,510
,,,,,510
34,2016,09,16,3830559,510
,,,,,510
,,,,,511
,,,,,511
,,,,,511
,,,,,511
,,,,,511
,,,,,511
,,,,,511
,,,,,512
,,,,,512
,,,,,512
,,,,,512
,,,,,512
,,,,,512
,,,,,513
,,,,,513
,,,,,513
35,2016,09,16,3831566,513
,,,,,513
,,,,,513
,,,,,513
,,,,,512
,,,,,512
,,,,,512
,,,,,512
,,,,,512
,,,,,512
,,,,,512
,,,,,512
,,,,,512
,,,,,511
,,,,,511
,,,,,511
,,,,,511
,,,,,511
36,2016,09,16,3832575,511
,,,,,511
,,,,,511
,,,,,511
,,,,,511
,,,,,511
,,,,,511
,,,,,511
,,,,,511
,,,,,511
,,,,,511
,,,,,511
,,,,,511
,,,,,511
,,,,,511
,,,,,511
,,,,,510
,,,,,510
37,2016,09,16,3833583,510
,,,,,510
,,,,,511
,,,,,511
,,,,,512
,,,,,512
,,,,,512
,,,,,512
,,,,,513
,,,,,513
,,,,,513
,,,,,513
,,,,,513
,,,,,513
,,,,,513
,,,,,513
,,,,,513
,,,,,514
38,2016,09,16,3834591,514
,,,,,514
,,,,,514
,,,,,514
,,,,,514
,,,,,514
,,,,,514
,,,,,514
,,,,,514
,,,,,514
,,,,,514
,,,,,514
,,,,,514
,,,,,514
,,,,,514
,,,,,514
,,,,,513
,,,,,513
39,2016,09,16,3835601,513
,,,,,513
,,,,,513
,,,,,513
,,,,,513
,,,,,513
,,,,,513
,,,,,513
,,,,,513
,,,,,513
,,,,,513
,,,,,513
,,,,,512
,,,,,512
,,,,,512
,,,,,511
,,,,,511
,,,,,510
40,2016,09,16,3836607,510
,,,,,510
,,,,,510
,,,,,510
,,,,,510
,,,,,510
,,,,,510
,,,,,510
,,,,,510
,,,,,510
,,,,,510
,,,,,509
,,,,,509
,,,,,509
,,,,,509
,,,,,509
,,,,,509
,,,,,509
41,2016,09,16,3837615,510
,,,,,510
,,,,,511
,,,,,511
,,,,,511
,,,,,512
,,,,,512
,,,,,512
,,,,,512
,,,,,512
,,,,,512
,,,,,513
,,,,,513
,,,,,513
,,,,,513
,,,,,513
,,,,,513
,,,,,513
42,2016,09,16,3838623,513
,,,,,513
,,,,,512
,,,,,512
,,,,,512
,,,,,512
,,,,,512
,,,,,512
,,,,,512
,,,,,512
,,,,,512
,,,,,512
,,,,,512
,,,,,512
,,,,,512
,,,,,512
,,,,,511
,,,,,511
43,2016,09,16,3839632,511
,,,,,511
,,,,,511
,,,,,511
,,,,,511
,,,,,512
,,,,,512
,,,,,512
,,,,,512
,,,,,512
,,,,,512
,,,,,512
,,,,,511
,,,,,511
,,,,,511
,,,,,511
,,,,,511
,,,,,511
44,2016,09,16,3840639,512
,,,,,512
,,,,,512
,,,,,512
,,,,,512
,,,,,512
,,,,,512
,,,,,513
,,,,,513
,,,,,513
,,,,,513
,,,,,513
,,,,,513
,,,,,513
,,,,,513
,,,,,514
,,,,,514
,,,,,514
45,2016,09,16,3841648,514
,,,,,514
,,,,,513
,,,,,513
,,,,,512
,,,,,512
,,,,,512
,,,,,512
,,,,,512
,,,,,512
,,,,,512
,,,,,512
,,,,,512
,,,,,511
,,,,,511
,,,,,511
,,,,,511
,,,,,511
46,2016,09,16,3842656,511
,,,,,511
,,,,,510
,,,,,510
,,,,,511
,,,,,511
,,,,,511
,,,,,511
,,,,,511
,,,,,511
,,,,,511
,,,,,511
,,,,,512
,,,,,512
,,,,,512
,,,,,512
,,,,,512
,,,,,512
47,2016,09,16,3843664,512
,,,,,512
,,,,,513
,,,,,513
,,,,,513
,,,,,514
,,,,,514
,,,,,514
,,,,,513
,,,,,513
,,,,,513
,,,,,513
,,,,,513
,,,,,513
,,,,,513
,,,,,513
,,,,,512
,,,,,512
48,2016,09,16,3844675,512
,,,,,512
,,,,,512
,,,,,512
,,,,,512
,,,,,512
,,,,,512
,,,,,512
,,,,,512
,,,,,512
,,,,,512
,,,,,512
,,,,,512
,,,,,512
,,,,,511
,,,,,511
,,,,,511
,,,,,511
49,2016,09,16,3845680,511
,,,,,511
,,,,,511
,,,,,511
,,,,,511
,,,,,511
,,,,,512
,,,,,512
,,,,,512
,,,,,512
,,,,,512
,,,,,512
,,,,,512
,,,,,512
,,,,,512
,,,,,512
,,,,,512
,,,,,512
50,2016,09,16,3846689,512
,,,,,512
,,,,,513
,,,,,513
,,,,,513
,,,,,513
,,,,,514
,,,,,514
,,,,,514
,,,,,513
,,,,,513
,,,,,513
,,,,,513
,,,,,512
,,,,,512
,,,,,512
,,,,,512
,,,,,512
51,2016,09,16,3847699,512
,,,,,512
,,,,,512
,,,,,512
,,,,,512
,,,,,511
,,,,,511
,,,,,511
,,,,,511
,,,,,511
,,,,,511
,,,,,511
,,,,,511
,,,,,511
,,,,,511
,,,,,511
,,,,,511
,,,,,511
52,2016,09,16,3848707,511
,,,,,511
,,,,,511
,,,,,511
,,,,,511
,,,,,511
,,,,,511
,,,,,511
,,,,,511
,,,,,512
,,,,,512
,,,,,512
,,,,,512
,,,,,512
,,,,,512
,,,,,512
,,,,,512
,,,,,512
53,2016,09,16,3849715,512
,,,,,512
,,,,,512
,,,,,512
,,,,,513
,,,,,513
,,,,,513
,,,,,513
,,,,,512
,,,,,512
,,,,,512
,,,,,512
,,,,,512
,,,,,512
,,,,,512
,,,,,511
,,,,,511
,,,,,511
54,2016,09,16,3850724,511
,,,,,511
,,,,,511
,,,,,511
,,,,,511
,,,,,511
,,,,,511
,,,,,510
,,,,,510
,,,,,510
,,,,,510
,,,,,510
,,,,,510
,,,,,510
,,,,,510
,,,,,510
,,,,,510
,,,,,510
55,2016,09,16,3851730,510
,,,,,510
,,,,,510
,,,,,510
,,,,,510
,,,,,510
,,,,,511
,,,,,511
,,,,,511
,,,,,512
,,,,,512
,,,,,512
,,,,,513
,,,,,513
,,,,,513
,,,,,513
,,,,,513
,,,,,513
56,2016,09,16,3852739,513
,,,,,513
,,,,,514
,,,,,514
,,,,,514
,,,,,514
,,,,,514
,,,,,514
,,,,,513
,,,,,513
,,,,,513
,,,,,512
,,,,,512
,,,,,512
,,,,,512
,,,,,512
,,,,,512
,,,,,512
57,2016,09,16,3853747,512
,,,,,512
,,,,,512
,,,,,512
,,,,,512
,,,,,512
,,,,,512
,,,,,512
,,,,,512
,,,,,512
,,,,,512
,,,,,512
,,,,,512
,,,,,512
,,,,,512
,,,,,512
,,,,,512
,,,,,512
58,2016,09,16,3854759,512
,,,,,512
,,,,,512
,,,,,512
,,,,,512
,,,,,512
,,,,,512
,,,,,512
,,,,,512
,,,,,512
,,,,,512
,,,,,513
,,,,,513
,,,,,513
,,,,,513
,,,,,513
,,,,,513
,,,,,513
59,2016,09,16,3855761,513
,,,,,513
,,,,,513
,,,,,514
,,,,,514
,,,,,513
,,,,,513
,,,,,513
,,,,,513
,,,,,513
,,,,,512
,,,,,512
,,,,,512
,,,,,512
,,,,,512
,,,,,512
,,,,,512
,,,,,512
60,2016,09,16,3856772,512
,,,,,512
,,,,,512
,,,,,512
,,,,,512
,,,,,512
,,,,,512
,,,,,512
,,,,,511
,,,,,511
,,,,,511
,,,,,511
,,,,,511
,,,,,511
,,,,,511
,,,,,511
,,,,,511
,,,,,511
61,2016,09,16,3857779,511
,,,,,511
,,,,,511
,,,,,511
,,,,,511
,,,,,511
,,,,,511
,,,,,511
,,,,,512
,,,,,512
,,,,,512
,,,,,512
,,,,,512
,,,,,512
,,,,,513
,,,,,513
,,,,,513
,,,,,513
62,2016,09,16,3858788,513
,,,,,513
,,,,,513
,,,,,513
,,,,,513
,,,,,513
,,,,,513
,,,,,513
,,,,,513
,,,,,513
,,,,,513
,,,,,513
,,,,,513
,,,,,513
,,,,,513
,,,,,513
,,,,,514
,,,,,514
63,2016,09,16,3859795,513
,,,,,513
,,,,,513
,,,,,513
,,,,,512
,,,,,512
,,,,,512
,,,,,512
,,,,,511
,,,,,511
,,,,,510
,,,,,510
,,,,,509
,,,,,509
,,,,,509
,,,,,509
,,,,,509
,,,,,509
64,2016,09,16,3860805,509
,,,,,509
,,,,,509
,,,,,509
,,,,,509
,,,,,509
,,,,,509
,,,,,509
,,,,,509
,,,,,510
,,,,,510
,,,,,510
,,,,,511
,,,,,511
,,,,,511
,,,,,511
,,,,,511
,,,,,512
65,2016,09,16,3861813,512
,,,,,512
,,,,,512
,,,,,512
,,,,,513
,,,,,513
,,,,,513
,,,,,513
,,,,,513
,,,,,513
,,,,,513
,,,,,513
,,,,,513
,,,,,513
,,,,,513
,,,,,513
,,,,,513
,,,,,513
66,2016,09,16,3862821,513
,,,,,513
,,,,,512
,,,,,512
,,,,,512
,,,,,512
,,,,,512
,,,,,512
,,,,,512
,,,,,512
,,,,,512
,,,,,512
,,,,,512
,,,,,512
,,,,,511
,,,,,511
,,,,,511
,,,,,511
67,2016,09,16,3863829,511
,,,,,511
,,,,,512
,,,,,511
,,,,,511
,,,,,511
,,,,,511
,,,,,511
,,,,,511
,,,,,511
,,,,,511
,,,,,512
,,,,,512
,,,,,512
,,,,,512
,,,,,512
,,,,,512
,,,,,512
68,2016,09,16,3864838,512
,,,,,512
,,,,,512
,,,,,513
,,,,,513
,,,,,513
,,,,,514
,,,,,514
,,,,,514
,,,,,514
,,,,,514
,,,,,514
,,,,,514
,,,,,514
,,,,,514
,,,,,514
,,,,,514
,,,,,514
69,2016,09,16,3865846,514
,,,,,514
,,,,,514
,,,,,515
,,,,,515
,,,,,515
,,,,,514
,,,,,514
,,,,,514
,,,,,514
,,,,,514
,,,,,514
,,,,,514
,,,,,514
,,,,,514
,,,,,514
,,,,,514
,,,,,514
70,2016,09,16,3866854,514
,,,,,514
,,,,,514
,,,,,514
,,,,,513
,,,,,513
,,,,,513
,,,,,513
,,,,,513
,,,,,513
,,,,,513
,,,,,513
,,,,,513
,,,,,512
,,,,,512
,,,,,512
,,,,,511
,,,,,511
71,2016,09,16,3867861,511
,,,,,511
,,,,,511
,,,,,511
,,,,,511
,,,,,511
,,,,,511
,,,,,511
,,,,,511
,,,,,511
,,,,,511
,,,,,511
,,,,,511
,,,,,511
,,,,,511
,,,,,511
,,,,,511
,,,,,511
72,2016,09,16,3868870,511
,,,,,511
,,,,,511
,,,,,511
,,,,,511
,,,,,512
,,,,,512
,,,,,512
,,,,,512
,,,,,512
,,,,,512
,,,,,512
,,,,,512
,,,,,512
,,,,,513
,,,,,513
,,,,,513
,,,,,514
73,2016,09,16,3869878,514
,,,,,514
,,,,,513
,,,,,513
,,,,,513
,,,,,512
,,,,,512
,,,,,512
,,,,,512
,,,,,512
,,,,,512
,,,,,512
,,,,,512
,,,,,512
,,,,,512
,,,,,512
,,,,,512
,,,,,512
74,2016,09,16,3870886,512
,,,,,512
,,,,,511
,,,,,511
,,,,,511
,,,,,511
,,,,,511
,,,,,511
,,,,,511
,,,,,511
,,,,,511
,,,,,511
,,,,,511
,,,,,511
,,,,,511
,,,,,511
,,,,,511
,,,,,511
75,2016,09,16,3871895,511
,,,,,511
,,,,,511
,,,,,511
,,,,,511
,,,,,511
,,,,,511
,,,,,512
,,,,,512
,,,,,512
,,,,,512
,,,,,512
,,,,,512
,,,,,512
,,,,,512
,,,,,512
,,,,,512
,,,,,512
76,2016,09,16,3872903,512
,,,,,512
,,,,,512
,,,,,513
,,,,,513
,,,,,513
,,,,,513
,,,,,513
,,,,,513
,,,,,512
,,,,,512
,,,,,512
,,,,,512
,,,,,512
,,,,,512
,,,,,512
,,,,,512
,,,,,512
77,2016,09,16,3873910,512
,,,,,512
,,,,,512
,,,,,512
,,,,,512
,,,,,512
,,,,,512
,,,,,512
,,,,,512
,,,,,512
,,,,,512
,,,,,512
,,,,,512
,,,,,512
,,,,,512
,,,,,512
,,,,,512
,,,,,512
78,2016,09,16,3874919,512
,,,,,512
,,,,,512
,,,,,512
,,,,,512
,,,,,511
,,,,,511
,,,,,511
,,,,,511
,,,,,511
,,,,,511
,,,,,511
,,,,,511
,,,,,511
,,,,,511
,,,,,511
,,,,,511
,,,,,511
79,2016,09,16,3875927,510
,,,,,510
,,,,,510
,,,,,510
,,,,,510
,,,,,510
,,,,,511
,,,,,511
,,,,,511
,,,,,512
,,,,,512
,,,,,512
,,,,,512
,,,,,511
,,,,,511
,,,,,511
,,,,,511
,,,,,512
80,2016,09,16,3876935,512
,,,,,512
,,,,,512
,,,,,512
,,,,,513
,,,,,513
,,,,,513
,,,,,513
,,,,,513
,,,,,513
,,,,,513
,,,,,513
,,,,,512
,,,,,512
,,,,,512
,,,,,512
,,,,,512
,,,,,512
81,2016,09,16,3877944,512
,,,,,512
,,,,,512
,,,,,512
,,,,,512
,,,,,512
,,,,,512
,,,,,512
,,,,,512
,,,,,512
,,,,,512
,,,,,512
,,,,,512
,,,,,512
,,,,,512
,,,,,512
,,,,,511
,,,,,511
82,2016,09,16,3878952,511
,,,,,511
,,,,,511
,,,,,511
,,,,,511
,,,,,511
,,,,,511
,,,,,511
,,,,,511
,,,,,511
,,,,,511
,,,,,511
,,,,,511
,,,,,512
,,,,,512
,,,,,512
,,,,,512
,,,,,512
83,2016,09,16,3879959,512
,,,,,512
,,,,,512
,,,,,512
,,,,,512
,,,,,512
,,,,,513
,,,,,513
,,,,,513
,,,,,514
,,,,,514
,,,,,514
,,,,,514
,,,,,514
,,,,,514
,,,,,514
,,,,,514
,,,,,514
84,2016,09,16,3880968,514
,,,,,514
,,,,,514
,,,,,514
,,,,,514
,,,,,514
,,,,,514
,,,,,514
,,,,,514
,,,,,514
,,,,,514
,,,,,514
,,,,,514
,,,,,514
,,,,,513
,,,,,513
,,,,,513
,,,,,513
85,2016,09,16,3881977,513
,,,,,513
,,,,,513
,,,,,513
,,,,,513
,,,,,513
,,,,,513
,,,,,513
,,,,,513
,,,,,513
,,,,,513
,,,,,513
,,,,,512
,,,,,512
,,,,,512
,,,,,513
,,,,,513
,,,,,513
86,2016,09,16,3882984,513
,,,,,513
,,,,,513
,,,,,513
,,,,,513
,,,,,513
,,,,,512
,,,,,512
,,,,,512
,,,,,512
,,,,,512
,,,,,512
,,,,,512
,,,,,511
,,,,,511
,,,,,511
,,,,,511
,,,,,511
87,2016,09,16,3883991,511
,,,,,511
,,,,,511
,,,,,511
,,,,,511
,,,,,510
,,,,,510
,,,,,510
,,,,,510
,,,,,510
,,,,,510
,,,,,510
,,,,,510
,,,,,510
,,,,,510
,,,,,510
,,,,,509
,,,,,510
88,2016,09,16,3885001,510
,,,,,510
,,,,,510
,,,,,510
,,,,,510
,,,,,510
,,,,,510
,,,,,510
,,,,,510
,,,,,511
,,,,,511
,,,,,511
,,,,,512
,,,,,512
,,,,,512
,,,,,512
,,,,,512
,,,,,512
89,2016,09,16,3886005,512
,,,,,512
,,,,,512
,,,,,512
,,,,,512
,,,,,512
,,,,,512
,,,,,512
,,,,,512
,,,,,512
,,,,,511
,,,,,511
,,,,,511
,,,,,511
,,,,,511
,,,,,511
,,,,,511
,,,,,511
90,2016,09,16,3887017,511
,,,,,511
,,,,,511
,,,,,511
,,,,,511
,,,,,511
,,,,,511
,,,,,510
,,,,,510
,,,,,510
,,,,,510
,,,,,510
,,,,,510
,,,,,509
,,,,,510
,,,,,510
,,,,,510
,,,,,510
91,2016,09,16,3888024,510
,,,,,510
,,,,,510
,,,,,510
,,,,,510
,,,,,510
,,,,,510
,,,,,510
,,,,,510
,,,,,511
,,,,,511
,,,,,511
,,,,,512
,,,,,512
,,,,,512
,,,,,512
,,,,,512
,,,,,512
92,2016,09,16,3889033,512
,,,,,512
,,,,,512
,,,,,512
,,,,,512
,,,,,513
,,,,,513
,,,,,513
,,,,,513
,,,,,513
,,,,,513
,,,,,513
,,,,,512
,,,,,512
,,,,,512
,,,,,512
,,,,,512
,,,,,512
93,2016,09,16,3890041,512
,,,,,512
,,,,,512
,,,,,512
,,,,,512
,,,,,512
,,,,,512
,,,,,512
,,,,,512
,,,,,512
,,,,,511
,,,,,511
,,,,,511
,,,,,511
,,,,,511
,,,,,511
,,,,,511
,,,,,511
94,2016,09,16,3891046,511
,,,,,511
,,,,,511
,,,,,511
,,,,,511
,,,,,511
,,,,,511
,,,,,511
,,,,,511
,,,,,511
,,,,,511
,,,,,511
,,,,,511
,,,,,511
,,,,,511
,,,,,512
,,,,,512
,,,,,512
95,2016,09,16,3892057,512
,,,,,512
,,,,,512
,,,,,512
,,,,,512
,,,,,512
,,,,,512
,,,,,512
,,,,,512
,,,,,512
,,,,,513
,,,,,513
,,,,,513
,,,,,513
,,,,,513
,,,,,513
,,,,,513
,,,,,513
96,2016,09,16,3893065,513
,,,,,512
,,,,,512
,,,,,512
,,,,,512
,,,,,512
,,,,,513
,,,,,513
,,,,,513
,,,,,513
,,,,,513
,,,,,513
,,,,,513
,,,,,513
,,,,,513
,,,,,513
,,,,,513
,,,,,513
97,2016,09,16,3894073,512
,,,,,512
,,,,,513
,,,,,513
,,,,,513
,,,,,513
,,,,,513
,,,,,513
,,,,,513
,,,,,513
,,,,,513
,,,,,513
,,,,,512
,,,,,512
,,,,,512
,,,,,512
,,,,,511
,,,,,511
98,2016,09,16,3895081,511
,,,,,511
,,,,,510
,,,,,510
,,,,,510
,,,,,510
,,,,,510
,,,,,510
,,,,,509
,,,,,509
,,,,,509
,,,,,509
,,,,,509
,,,,,509
,,,,,509
,,,,,510
,,,,,510
,,,,,510
99,2016,09,16,3896089,510
,,,,,511
,,,,,511
,,,,,511
,,,,,511
,,,,,511
,,,,,512
,,,,,512
,,,,,512
,,,,,512
,,,,,512
,,,,,512
,,,,,513
,,,,,513
,,,,,513
,,,,,513
,,,,,513
,,,,,513
100,2016,09,16,3897098,513
,,,,,512
,,,,,512
,,,,,512
,,,,,512
,,,,,512
,,,,,512
,,,,,512
,,,,,512
,,,,,512
,,,,,512
,,,,,512
,,,,,512
,,,,,512
,,,,,511
,,,,,511
,,,,,511
,,,,,511
101,2016,09,16,3898106,510
,,,,,510
,,,,,510
,,,,,509
,,,,,509
,,,,,509
,,,,,509
,,,,,509
,,,,,509
,,,,,509
,,,,,509
,,,,,509
,,,,,510
,,,,,510
,,,,,510
,,,,,510
,,,,,510
,,,,,510
102,2016,09,16,3899114,510
,,,,,511
,,,,,511
,,,,,512
,,,,,512
,,,,,512
,,,,,512
,,,,,512
,,,,,513
,,,,,513
,,,,,513
,,,,,513
,,,,,513
,,,,,513
,,,,,513
,,,,,513
,,,,,514
,,,,,514
103,2016,09,16,3900124,514
,,,,,514
,,,,,514
,,,,,514
,,,,,514
,,,,,514
,,,,,513
,,,,,513
,,,,,514
,,,,,514
,,,,,514
,,,,,514
,,,,,514
,,,,,514
,,,,,514
,,,,,514
,,,,,514
,,,,,514
104,2016,09,16,3901131,514
,,,,,513
,,,,,513
,,,,,513
,,,,,513
,,,,,513
,,,,,513
,,,,,513
,,,,,513
,,,,,513
,,,,,513
,,,,,513
,,,,,513
,,,,,513
,,,,,513
,,,,,513
,,,,,513
,,,,,513
105,2016,09,16,3902139,513
,,,,,513
,,,,,513
,,,,,513
,,,,,513
,,,,,513
,,,,,513
,,,,,513
,,,,,513
,,,,,513
,,,,,513
,,,,,513
,,,,,513
,,,,,513
,,,,,513
,,,,,513
,,,,,513
,,,,,513
106,2016,09,16,3903148,513
,,,,,513
,,,,,513
,,,,,513
,,,,,513
,,,,,513
,,,,,513
,,,,,513
,,,,,513
,,,,,512
,,,,,512
,,,,,512
,,,,,512
,,,,,512
,,,,,512
,,,,,512
,,,,,512
,,,,,512
107,2016,09,16,3904155,512
,,,,,512
,,,,,512
,,,,,512
,,,,,512
,,,,,512
,,,,,512
,,,,,512
,,,,,512
,,,,,511
,,,,,511
,,,,,511
,,,,,511
,,,,,512
,,,,,512
,,,,,512
,,,,,512
,,,,,512
108,2016,09,16,3905163,512
,,,,,511
,,,,,511
,,,,,511
,,,,,510
,,,,,510
,,,,,510
,,,,,510
,,,,,510
,,,,,510
,,,,,510
,,,,,510
,,,,,510
,,,,,510
,,,,,510
,,,,,510
,,,,,510
,,,,,510
109,2016,09,16,3906172,509
,,,,,509
,,,,,509
,,,,,510
,,,,,510
,,,,,510
,,,,,510
,,,,,511
,,,,,511
,,,,,511
,,,,,511
,,,,,512
,,,,,512
,,,,,512
,,,,,512
,,,,,512
,,,,,512
,,,,,512
110,2016,09,16,3907179,513
,,,,,513
,,,,,513
,,,,,513
,,,,,513
,,,,,513
,,,,,513
,,,,,512
,,,,,512
,,,,,512
,,,,,512
,,,,,512
,,,,,512
,,,,,512
,,,,,512
,,,,,512
,,,,,512
,,,,,512
111,2016,09,16,3908187,512
,,,,,512
,,,,,512
,,,,,512
,,,,,512
,,,,,512
,,,,,511
,,,,,511
,,,,,511
,,,,,511
,,,,,511
,,,,,511
,,,,,511
,,,,,511
,,,,,511
,,,,,511
,,,,,511
,,,,,511
112,2016,09,16,3909197,511
,,,,,511
,,,,,511
,,,,,511
,,,,,511
,,,,,511
,,,,,510
,,,,,510
,,,,,510
,,,,,510
,,,,,510
,,,,,510
,,,,,510
,,,,,511
,,,,,511
,,,,,511
,,,,,512
,,,,,512
113,2016,09,16,3910203,512
,,,,,512
,,,,,512
,,,,,512
,,,,,511
,,,,,511
,,,,,511
,,,,,511
,,,,,511
,,,,,511
,,,,,511
,,,,,510
,,,,,510
,,,,,510
,,,,,510
,,,,,509
,,,,,509
,,,,,509
114,2016,09,16,3911211,509
,,,,,508
,,,,,507
,,,,,507
,,,,,506
,,,,,506
,,,,,505
,,,,,505
,,,,,505
,,,,,505
,,,,,505
,,,,,505
,,,,,505
,,,,,505
,,,,,506
,,,,,506
,,,,,507
,,,,,508
115,2016,09,16,3912220,508
,,,,,508
,,,,,509
,,,,,509
,,,,,509
,,,,,509
,,,,,509
,,,,,509
,,,,,509
,,,,,509
,,,,,509
,,,,,510
,,,,,510
,,,,,510
,,,,,511
,,,,,511
,,,,,511
,,,,,511
116,2016,09,16,3913229,511
,,,,,512
,,,,,512
,,,,,512
,,,,,513
,,,,,513
,,,,,513
,,,,,513
,,,,,513
,,,,,513
,,,,,513
,,,,,513
,,,,,513
,,,,,513
,,,,,513
,,,,,514
,,,,,514
,,,,,514
117,2016,09,16,3914237,514
,,,,,514
,,,,,514
,,,,,514
,,,,,514
,,,,,514
,,,,,513
,,,,,513
,,,,,513
,,,,,513
,,,,,513
,,,,,513
,,,,,513
,,,,,513
,,,,,513
,,,,,513
,,,,,513
,,,,,513
118,2016,09,16,3915245,513
,,,,,513
,,,,,513
,,,,,513
,,,,,513
,,,,,513
,,,,,513
,,,,,513
,,,,,513
,,,,,513
,,,,,513
,,,,,513
,,,,,513
,,,,,513
,,,,,513
,,,,,513
,,,,,512
,,,,,512
119,2016,09,16,3916254,512
,,,,,512
,,,,,512
,,,,,511
,,,,,511
,,,,,511
,,,,,511
,,,,,511
,,,,,511
,,,,,511
,,,,,511
,,,,,511
,,,,,511
,,,,,511
,,,,,511
,,,,,511
,,,,,511
,,,,,511
120,2016,09,16,3917258,511
,,,,,511
,,,,,511
,,,,,511
,,,,,511
,,,,,511
,,,,,511
,,,,,512
,,,,,512
,,,,,512
,,,,,512
,,,,,513
,,,,,513
,,,,,513
,,,,,513
,,,,,513
,,,,,513
,,,,,513
121,2016,09,16,3918273,513
,,,,,513
,,,,,513
,,,,,513
,,,,,513
,,,,,512
,,,,,512
,,,,,512
,,,,,512
,,,,,512
,,,,,512
,,,,,512
,,,,,512
,,,,,512
,,,,,512
,,,,,512
,,,,,512
,,,,,512
122,2016,09,16,3919276,512
,,,,,511
,,,,,511
,,,,,511
,,,,,511
,,,,,511
,,,,,511
,,,,,512
,,,,,512
,,,,,512
,,,,,512
,,,,,512
,,,,,512
,,,,,511
,,,,,511
,,,,,511
,,,,,511
,,,,,511
123,2016,09,16,3920290,511
,,,,,511
,,,,,511
,,,,,511
,,,,,511
,,,,,512
,,,,,512
,,,,,512
,,,,,512
,,,,,512
,,,,,512
,,,,,512
,,,,,512
,,,,,512
,,,,,512
,,,,,512
,,,,,512
,,,,,513
124,2016,09,16,3921298,513
,,,,,513
,,,,,513
,,,,,513
,,,,,513
,,,,,513
,,,,,513
,,,,,513
,,,,,513
,,,,,513
,,,,,512
,,,,,512
,,,,,512
,,,,,512
,,,,,512
,,,,,512
,,,,,512
,,,,,512
125,2016,09,16,3922306,512
,,,,,512
,,,,,512
,,,,,512
,,,,,512
,,,,,511
,,,,,511
,,,,,510
,,,,,510
,,,,,510
,,,,,509
,,,,,509
,,,,,509
,,,,,509
,,,,,509
,,,,,509
,,,,,510
,,,,,510
126,2016,09,16,3923314,510
,,,,,510
,,,,,510
,,,,,510
,,,,,509
,,,,,509
,,,,,509
,,,,,510
,,,,,510
,,,,,510
,,,,,511
,,,,,511
,,,,,511
,,,,,511
,,,,,512
,,,,,512
,,,,,512
,,,,,512
127,2016,09,16,3924323,512
,,,,,512
,,,,,512
,,,,,512
,,,,,512
,,,,,512
,,,,,512
,,,,,513
,,,,,513
,,,,,513
,,,,,513
,,,,,513
,,,,,513
,,,,,512
,,,,,512
,,,,,512
,,,,,512
,,,,,512
128,2016,09,16,3925331,512
,,,,,512
,,,,,511
,,,,,511
,,,,,511
,,,,,511
,,,,,511
,,,,,511
,,,,,511
,,,,,511
,,,,,511
,,,,,510
,,,,,510
,,,,,510
,,,,,510
,,,,,510
,,,,,510
,,,,,510
129,2016,09,16,3926340,511
,,,,,511
,,,,,511
,,,,,511
,,,,,511
,,,,,512
,,,,,512
,,,,,512
,,,,,512
,,,,,512
,,,,,513
,,,,,513
,,,,,513
,,,,,513
,,,,,513
,,,,,513
,,,,,513
,,,,,513
130,2016,09,16,3927348,513
,,,,,513
,,,,,513
,,,,,513
,,,,,513
,,,,,513
,,,,,513
,,,,,513
,,,,,513
,,,,,513
,,,,,513
,,,,,513
,,,,,513
,,,,,513
,,,,,513
,,,,,513
,,,,,513
,,,,,513
131,2016,09,16,3928354,514
,,,,,513
,,,,,513
,,,,,513
,,,,,513
,,,,,513
,,,,,513
,,,,,513
,,,,,513
,,,,,513
,,,,,513
,,,,,513
,,,,,513
,,,,,513
,,,,,513
,,,,,513
,,,,,513
,,,,,513
132,2016,09,16,3929365,513
,,,,,513
,,,,,513
,,,,,513
,,,,,513
,,,,,513
,,,,,512
,,,,,512
,,,,,512
,,,,,512
,,,,,513
,,,,,513
,,,,,513
,,,,,513
,,,,,513
,,,,,513
,,,,,512
,,,,,512
133,2016,09,16,3930371,512
,,,,,512
,,,,,512
,,,,,512
,,,,,512
,,,,,512
,,,,,512
,,,,,512
,,,,,512
,,,,,512
,,,,,512
,,,,,512
,,,,,512
,,,,,513
,,,,,513
,,,,,513
,,,,,513
,,,,,513
134,2016,09,16,3931381,512
,,,,,512
,,,,,512
,,,,,512
,,,,,512
,,,,,512
,,,,,512
,,,,,512
,,,,,512
,,,,,512
,,,,,512
,,,,,512
,,,,,512
,,,,,512
,,,,,512
,,,,,512
,,,,,512
,,,,,512
135,2016,09,16,3932390,511
,,,,,511
,,,,,511
,,,,,511
,,,,,512
,,,,,512
,,,,,512
,,,,,513
,,,,,513
,,,,,514
,,,,,514
,,,,,514
,,,,,514
,,,,,514
,,,,,513
,,,,,513
,,,,,513
,,,,,512
136,2016,09,16,3933395,512
,,,,,512
,,,,,512
,,,,,512
,,,,,512
,,,,,512
,,,,,511
,,,,,511
,,,,,511
,,,,,511
,,,,,511
,,,,,511
,,,,,511
,,,,,511
,,,,,511
,,,,,511
,,,,,511
,,,,,511
137,2016,09,16,3934404,511
,,,,,511
,,,,,511
,,,,,511
,,,,,511
,,,,,511
,,,,,511
,,,,,511
,,,,,511
,,,,,511
,,,,,511
,,,,,512
,,,,,512
,,,,,512
,,,,,512
,,,,,512
,,,,,512
,,,,,512
138,2016,09,16,3935414,513
,,,,,513
,,,,,513
,,,,,513
,,,,,513
,,,,,513
,,,,,513
,,,,,513
,,,,,513
,,,,,513
,,,,,513
,,,,,513
,,,,,513
,,,,,513
,,,,,513
,,,,,513
,,,,,513
,,,,,513
139,2016,09,16,3936419,513
,,,,,513
,,,,,513
,,,,,513
,,,,,512
,,,,,512
,,,,,512
,,,,,513
,,,,,513
,,,,,513
,,,,,513
,,,,,513
,,,,,513
,,,,,513
,,,,,513
,,,,,513
,,,,,512
,,,,,512
140,2016,09,16,3937429,512
,,,,,512
,,,,,511
,,,,,511
,,,,,511
,,,,,510
,,,,,510
,,,,,509
,,,,,509
,,,,,508
,,,,,508
,,,,,508
,,,,,507
,,,,,507
,,,,,507
,,,,,507
,,,,,507
,,,,,507
141,2016,09,16,3938437,507
,,,,,507
,,,,,507
,,,,,507
,,,,,507
,,,,,507
,,,,,508
,,,,,508
,,,,,508
,,,,,508
,,,,,509
,,,,,509
,,,,,509
,,,,,509
,,,,,510
,,,,,510
,,,,,510
,,,,,511
142,2016,09,16,3939444,511
,,,,,511
,,,,,511
,,,,,512
,,,,,512
,,,,,512
,,,,,512
,,,,,512
,,,,,513
,,,,,513
,,,,,513
,,,,,513
,,,,,513
,,,,,512
,,,,,512
,,,,,512
,,,,,511
,,,,,511
143,2016,09,16,3940452,510
,,,,,510
,,,,,510
,,,,,510
,,,,,510
,,,,,510
,,,,,510
,,,,,510
,,,,,510
,,,,,510
,,,,,509
,,,,,509
,,,,,509
,,,,,509
,,,,,509
,,,,,509
,,,,,509
,,,,,509
144,2016,09,16,3941461,509
,,,,,509
,,,,,509
,,,,,509
,,,,,510
,,,,,510
,,,,,510
,,,,,510
,,,,,510
,,,,,510
,,,,,510
,,,,,510
,,,,,510
,,,,,511
,,,,,511
,,,,,511
,,,,,512
,,,,,512
145,2016,09,16,3942471,512
,,,,,512
,,,,,512
,,,,,512
,,,,,511
,,,,,511
,,,,,511
,,,,,510
,,,,,510
,,,,,510
,,,,,510
,,,,,510
,,,,,510
,,,,,510
,,,,,510
,,,,,510
,,,,,510
,,,,,510
146,2016,09,16,3943479,510
,,,,,510
,,,,,510
,,,,,510
,,,,,510
,,,,,510
,,,,,510
,,,,,510
,,,,,510
,,,,,511
,,,,,511
,,,,,512
,,,,,513
,,,,,513
,,,,,514
,,,,,515
,,,,,516
,,,,,516
147,2016,09,16,3944487,516
,,,,,517
,,,,,517
,,,,,517
,,,,,517
,,,,,517
,,,,,516
,,,,,516
,,,,,516
,,,,,516
,,,,,516
,,,,,515
,,,,,515
,,,,,515
,,,,,514
,,,,,514
,,,,,514
,,,,,514
148,2016,09,16,3945490,513
,,,,,513
,,,,,513
,,,,,514
,,,,,514
,,,,,514
,,,,,514
,,,,,514
,,,,,515
,,,,,515
,,,,,515
,,,,,515
,,,,,515
,,,,,515
,,,,,515
,,,,,515
,,,,,515
,,,,,515
149,2016,09,16,3946504,515
,,,,,515
,,,,,515
,,,,,515
,,,,,515
,,,,,514
,,,,,514
,,,,,514
,,,,,514
,,,,,514
,,,,,513
,,,,,513
,,,,,513
,,,,,513
,,,,,513
,,,,,513
,,,,,513
,,,,,513
150,2016,09,16,3947512,513
,,,,,513
,,,,,513
,,,,,513
,,,,,513
,,,,,513
,,,,,513
,,,,,513
,,,,,513
,,,,,513
,,,,,513
,,,,,513
,,,,,513
,,,,,513
,,,,,514
,,,,,514
,,,,,514
,,,,,514
151,2016,09,16,3948513,514
,,,,,514
,,,,,514
,,,,,513
,,,,,513
,,,,,513
,,,,,512
,,,,,512
,,,,,512
,,,,,512
,,,,,512
,,,,,512
,,,,,512
,,,,,512
,,,,,512
,,,,,511
,,,,,511
,,,,,511
152,2016,09,16,3949526,511
,,,,,510
,,,,,510
,,,,,510
,,,,,510
,,,,,510
,,,,,510
,,,,,510
,,,,,510
,,,,,510
,,,,,510
,,,,,511
,,,,,511
,,,,,511
,,,,,511
,,,,,511
,,,,,510
,,,,,510
153,2016,09,16,3950534,510
,,,,,510
,,,,,510
,,,,,511
,,,,,511
,,,,,512
,,,,,512
,,,,,512
,,,,,512
,,,,,512
,,,,,512
,,,,,512
,,,,,512
,,,,,513
,,,,,513
,,,,,513
,,,,,513
,,,,,513
154,2016,09,16,3951542,513
,,,,,512
,,,,,512
,,,,,512
,,,,,512
,,,,,512
,,,,,512
,,,,,511
,,,,,510
,,,,,510
,,,,,509
,,,,,508
,,,,,507
,,,,,507
,,,,,506
,,,,,506
,,,,,506
,,,,,506
155,2016,09,16,3952550,506
,,,,,506
,,,,,507
,,,,,507
,,,,,507
,,,,,507
,,,,,507
,,,,,506
,,,,,506
,,,,,506
,,,,,506
,,,,,506
,,,,,507
,,,,,507
,,,,,507
,,,,,507
,,,,,508
,,,,,508
156,2016,09,16,3953557,508
,,,,,509
,,,,,509
,,,,,509
,,,,,510
,,,,,510
,,,,,510
,,,,,511
,,,,,511
,,,,,511
,,,,,511
,,,,,512
,,,,,512
,,,,,512
,,,,,512
,,,,,512
,,,,,512
,,,,,512
157,2016,09,16,3954566,511
,,,,,510
,,,,,509
,,,,,507
,,,,,507
,,,,,507
,,,,,507
,,,,,507
,,,,,507
,,,,,507
,,,,,507
,,,,,507
,,,,,507
,,,,,507
,,,,,507
,,,,,507
,,,,,508
,,,,,508
158,2016,09,16,3955574,508
,,,,,508
,,,,,508
,,,,,507
,,,,,507
,,,,,506
,,,,,506
,,,,,506
,,,,,507
,,,,,507
,,,,,508
,,,,,508
,,,,,509
,,,,,509
,,,,,509
,,,,,510
,,,,,510
,,,,,510
159,2016,09,16,3956581,510
,,,,,511
,,,,,511
,,,,,512
,,,,,512
,,,,,513
,,,,,513
,,,,,513
,,,,,513
,,,,,513
,,,,,512
,,,,,512
,,,,,511
,,,,,510
,,,,,510
,,,,,510
,,,,,510
,,,,,510
160,2016,09,16,3957590,510
,,,,,510
,,,,,511
,,,,,511
,,,,,511
,,,,,511
,,,,,511
,,,,,511
,,,,,511
,,,,,511
,,,,,511
,,,,,511
,,,,,511
,,,,,511
,,,,,511
,,,,,511
,,,,,511
,,,,,511
161,2016,09,16,3958599,511
,,,,,511
,,,,,511
,,,,,511
,,,,,511
,,,,,511
,,,,,511
,,,,,511
,,,,,510
,,,,,510
,,,,,510
,,,,,510
,,,,,510
,,,,,510
,,,,,510
,,,,,510
,,,,,510
,,,,,510
162,2016,09,16,3959607,510
,,,,,510
,,,,,510
,,,,,509
,,,,,509
,,,,,509
,,,,,509
,,,,,509
,,,,,509
,,,,,509
,,,,,509
,,,,,509
,,,,,509
,,,,,509
,,,,,509
,,,,,509
,,,,,508
,,,,,508
163,2016,09,16,3960615,508
,,,,,508
,,,,,507
,,,,,507
,,,,,507
,,,,,507
,,,,,507
,,,,,507
,,,,,508
,,,,,508
,,,,,508
,,,,,508
,,,,,509
,,,,,509
,,,,,509
,,,,,510
,,,,,510
,,,,,510
164,2016,09,16,3961623,511
,,,,,511
,,,,,511
,,,,,511
,,,,,511
,,,,,511
,,,,,511
,,,,,511
,,,,,511
,,,,,511
,,,,,511
,,,,,511
,,,,,512
,,,,,512
,,,,,512
,,,,,512
,,,,,512
,,,,,512
165,2016,09,16,3962631,512
,,,,,512
,,,,,512
,,,,,512
,,,,,512
,,,,,512
,,,,,512
,,,,,511
,,,,,511
,,,,,511
,,,,,511
,,,,,511
,,,,,511
,,,,,510
,,,,,510
,,,,,510
,,,,,510
,,,,,510
166,2016,09,16,3963639,510
,,,,,510
,,,,,510
,,,,,510
,,,,,510
,,,,,510
,,,,,510
,,,,,510
,,,,,511
,,,,,511
,,,,,511
,,,,,511
,,,,,511
,,,,,511
,,,,,511
,,,,,511
,,,,,511
,,,,,511
167,2016,09,16,3964647,511
,,,,,511
,,,,,511
,,,,,511
,,,,,511
,,,,,511
,,,,,511
,,,,,511
,,,,,511
,,,,,511
,,,,,511
,,,,,511
,,,,,511
,,,,,510
,,,,,510
,,,,,510
,,,,,509
,,,,,509
168,2016,09,16,3965656,509
,,,,,509
,,,,,509
,,,,,509
,,,,,508
,,,,,508
,,,,,508
,,,,,507
,,,,,507
,,,,,507
,,,,,507
,,,,,507
,,,,,507
,,,,,507
,,,,,508
,,,,,508
,,,,,509
,,,,,509
169,2016,09,16,3966664,510
,,,,,510
,,,,,510
,,,,,510
,,,,,510
,,,,,511
,,,,,511
,,,,,511
,,,,,511
,,,,,512
,,,,,512
,,,,,512
,,,,,512
,,,,,512
,,,,,512
,,,,,512
,,,,,512
,,,,,512
170,2016,09,16,3967671,512
,,,,,512
,,,,,512
,,,,,511
,,,,,511
,,,,,511
,,,,,511
,,,,,511
,,,,,511
,,,,,511
,,,,,511
,,,,,511
,,,,,511
,,,,,511
,,,,,511
,,,,,511
,,,,,511
,,,,,511
171,2016,09,16,3968679,511
,,,,,511
,,,,,511
,,,,,511
,,,,,511
,,,,,511
,,,,,511
,,,,,511
,,,,,511
,,,,,511
,,,,,511
,,,,,511
,,,,,511
,,,,,511
,,,,,511
,,,,,511
,,,,,511
,,,,,511
172,2016,09,16,3969687,512
,,,,,512
,,,,,512
,,,,,511
,,,,,512
,,,,,512
,,,,,512
,,,,,512
,,,,,511
,,,,,511
,,,,,511
,,,,,510
,,,,,510
,,,,,510
,,,,,511
,,,,,511
,,,,,511
,,,,,511
173,2016,09,16,3970695,511
,,,,,511
,,,,,511
,,,,,511
,,,,,511
,,,,,511
,,,,,511
,,,,,511
,,,,,511
,,,,,511
,,,,,511
,,,,,511
,,,,,511
,,,,,512
,,,,,512
,,,,,513
,,,,,513
,,,,,513
174,2016,09,16,3971703,514
,,,,,514
,,,,,514
,,,,,515
,,,,,515
,,,,,516
,,,,,517
,,,,,518
,,,,,517
,,,,,517
,,,,,515
,,,,,515
,,,,,513
,,,,,513
,,,,,513
,,,,,513
,,,,,513
,,,,,513
175,2016,09,16,3972711,513
,,,,,512
,,,,,512
,,,,,512
,,,,,512
,,,,,513
,,,,,513
,,,,,515
,,,,,515
,,,,,516
,,,,,516
,,,,,517
,,,,,517
,,,,,517
,,,,,518
,,,,,518
,,,,,518
,,,,,519
176,2016,09,16,3973721,519
,,,,,519
,,,,,519
,,,,,519
,,,,,520
,,,,,520
,,,,,520
,,,,,521
,,,,,521
,,,,,523
,,,,,523
,,,,,524
,,,,,524
,,,,,525
,,,,,526
,,,,,526
,,,,,529
,,,,,531
177,2016,09,16,3974728,534
,,,,,539
,,,,,542
,,,,,545
,,,,,545
,,,,,543
,,,,,535
,,,,,530
,,,,,522
,,,,,520
,,,,,520
,,,,,527
,,,,,535
,,,,,556
,,,,,569
,,,,,583
,,,,,610
,,,,,622
178,2016,09,16,3975737,641
,,,,,646
,,,,,649
,,,,,646
,,,,,640
,,,,,620
,,,,,608
,,,,,594
,,,,,564
,,,,,548
,,,,,520
,,,,,507
,,,,,496
,,,,,479
,,,,,474
,,,,,469
,,,,,469
,,,,,471
179,2016,09,16,3976743,478
,,,,,483
,,,,,494
,,,,,500
,,,,,506
,,,,,516
,,,,,521
,,,,,527
,,,,,529
,,,,,530
,,,,,531
,,,,,530
,,,,,526
,,,,,524
,,,,,521
,,,,,516
,,,,,514
,,,,,509
180,2016,09,16,3977751,508
,,,,,506
,,,,,504
,,,,,504
,,,,,504
,,,,,504
,,,,,504
,,,,,506
,,,,,507
,,,,,509
,,,,,510
,,,,,510
,,,,,512
,,,,,512
,,,,,512
,,,,,512
,,,,,512
,,,,,511
181,2016,09,16,3978762,510
,,,,,507
,,,,,506
,,,,,504
,,,,,501
,,,,,500
,,,,,497
,,,,,495
,,,,,494
,,,,,493
,,,,,493
,,,,,494
,,,,,495
,,,,,496
,,,,,500
,,,,,502
,,,,,507
,,,,,509
182,2016,09,16,3979764,512
,,,,,516
,,,,,518
,,,,,522
,,,,,523
,,,,,525
,,,,,526
,,,,,526
,,,,,526
,,,,,526
,,,,,525
,,,,,524
,,,,,523
,,,,,521
,,,,,520
,,,,,519
,,,,,518
,,,,,517
183,2016,09,16,3980777,516
,,,,,516
,,,,,516
,,,,,515
,,,,,515
,,,,,515
,,,,,515
,,,,,515
,,,,,515
,,,,,515
,,,,,515
,,,,,515
,,,,,515
,,,,,515
,,,,,515
,,,,,515
,,,,,515
,,,,,515
184,2016,09,16,3981784,515
,,,,,515
,,,,,515
,,,,,515
,,,,,515
,,,,,515
,,,,,515
,,,,,514
,,,,,514
,,,,,514
,,,,,513
,,,,,513
,,,,,513
,,,,,513
,,,,,513
,,,,,512
,,,,,512
,,,,,512
185,2016,09,16,3982793,512
,,,,,511
,,,,,511
,,,,,511
,,,,,511
,,,,,510
,,,,,510
,,,,,510
,,,,,511
,,,,,511
,,,,,511
,,,,,511
,,,,,512
,,,,,512
,,,,,512
,,,,,513
,,,,,513
,,,,,513
186,2016,09,16,3983801,513
,,,,,513
,,,,,513
,,,,,513
,,,,,512
,,,,,512
,,,,,511
,,,,,511
,,,,,511
,,,,,510
,,,,,510
,,,,,510
,,,,,510
,,,,,510
,,,,,510
,,,,,511
,,,,,511
,,,,,511
187,2016,09,16,3984808,511
,,,,,511
,,,,,511
,,,,,511
,,,,,511
,,,,,511
,,,,,511
,,,,,511
,,,,,511
,,,,,511
,,,,,511
,,,,,511
,,,,,511
,,,,,511
,,,,,511
,,,,,511
,,,,,511
,,,,,511
188,2016,09,16,3985817,511
,,,,,511
,,,,,511
,,,,,511
,,,,,512
,,,,,512
,,,,,512
,,,,,512
,,,,,512
,,,,,512
,,,,,512
,,,,,512
,,,,,512
,,,,,513
,,,,,513
,,,,,513
,,,,,513
,,,,,513
189,2016,09,16,3986825,513
,,,,,513
,,,,,513
,,,,,513
,,,,,513
,,,,,513
,,,,,513
,,,,,512
,,,,,512
,,,,,512
,,,,,511
,,,,,511
,,,,,510
,,,,,510
,,,,,510
,,,,,509
,,,,,509
,,,,,509
190,2016,09,16,3987833,509
,,,,,509
,,,,,509
,,,,,509
,,,,,509
,,,,,509
,,,,,509
,,,,,510
,,,,,510
,,,,,511
,,,,,512
,,,,,512
,,,,,513
,,,,,513
,,,,,513
,,,,,513
,,,,,513
,,,,,513
191,2016,09,16,3988841,513
,,,,,513
,,,,,514
,,,,,514
,,,,,514
,,,,,515
,,,,,515
,,,,,515
,,,,,515
,,,,,515
,,,,,515
,,,,,515
,,,,,514
,,,,,514
,,,,,513
,,,,,513
,,,,,512
,,,,,512
192,2016,09,16,3989849,512
,,,,,512
,,,,,512
,,,,,511
,,,,,511
,,,,,510
,,,,,510
,,,,,510
,,,,,510
,,,,,510
,,,,,510
,,,,,511
,,,,,511
,,,,,512
,,,,,512
,,,,,512
,,,,,512
,,,,,512
193,2016,09,16,3990857,512
,,,,,512
,,,,,512
,,,,,511
,,,,,511
,,,,,510
,,,,,510
,,,,,510
,,,,,511
,,,,,511
,,,,,512
,,,,,513
,,,,,513
,,,,,514
,,,,,514
,,,,,515
,,,,,515
,,,,,515
194,2016,09,16,3991866,514
,,,,,514
,,,,,513
,,,,,512
,,,,,512
,,,,,511
,,,,,511
,,,,,511
,,,,,511
,,,,,511
,,,,,511
,,,,,511
,,,,,511
,,,,,511
,,,,,510
,,,,,509
,,,,,509
,,,,,508
195,2016,09,16,3992873,508
,,,,,508
,,,,,509
,,,,,509
,,,,,509
,,,,,509
,,,,,509
,,,,,509
,,,,,509
,,,,,510
,,,,,511
,,,,,511
,,,,,512
,,,,,513
,,,,,514
,,,,,514
,,,,,514
,,,,,514
196,2016,09,16,3993882,514
,,,,,514
,,,,,514
,,,,,514
,,,,,514
,,,,,514
,,,,,513
,,,,,513
,,,,,513
,,,,,513
,,,,,514
,,,,,514
,,,,,515
,,,,,515
,,,,,515
,,,,,514
,,,,,514
,,,,,513
197,2016,09,16,3994891,513
,,,,,512
,,,,,512
,,,,,512
,,,,,512
,,,,,512
,,,,,513
,,,,,514
,,,,,514
,,,,,515
,,,,,515
,,,,,514
,,,,,514
,,,,,513
,,,,,513
,,,,,513
,,,,,513
,,,,,512
198,2016,09,16,3995898,512
,,,,,512
,,,,,512
,,,,,512
,,,,,513
,,,,,514
,,,,,515
,,,,,515
,,,,,515
,,,,,514
,,,,,513
,,,,,513
,,,,,513
,,,,,514
,,,,,514
,,,,,514
,,,,,514
,,,,,514
199,2016,09,16,3996907,513
,,,,,512
,,,,,512
,,,,,512
,,,,,512
,,,,,513
,,,,,513
,,,,,514
,,,,,514
,,,,,514
,,,,,514
,,,,,513
,,,,,513
,,,,,512
,,,,,512
,,,,,511
,,,,,511
,,,,,511
200,2016,09,16,3997915,512
,,,,,512
,,,,,513
,,,,,513
,,,,,514
,,,,,514
,,,,,514
,,,,,514
,,,,,513
,,,,,513
,,,,,512
,,,,,512
,,,,,512
,,,,,511
,,,,,511
,,,,,511
,,,,,512
,,,,,512
201,2016,09,16,3998922,513
,,,,,514
,,,,,514
,,,,,514
,,,,,513
,,,,,512
,,,,,511
,,,,,510
,,,,,510
,,,,,509
,,,,,509
,,,,,508
,,,,,509
,,,,,509
,,,,,509
,,,,,510
,,,,,510
,,,,,510
202,2016,09,16,3999931,510
,,,,,511
,,,,,511
,,,,,511
,,,,,512
,,,,,512
,,,,,512
,,,,,512
,,,,,512
,,,,,512
,,,,,512
,,,,,512
,,,,,512
,,,,,512
,,,,,513
,,,,,513
,,,,,513
,,,,,513
203,2016,09,16,4000939,513
,,,,,513
,,,,,513
,,,,,512
,,,,,512
,,,,,512
,,,,,512
,,,,,512
,,,,,512
,,,,,512
,,,,,511
,,,,,511
,,,,,511
,,,,,510
,,,,,510
,,,,,509
,,,,,509
,,,,,508
204,2016,09,16,4001949,508
,,,,,508
,,,,,509
,,,,,509
,,,,,509
,,,,,509
,,,,,509
,,,,,509
,,,,,509
,,,,,509
,,,,,509
,,,,,509
,,,,,509
,,,,,509
,,,,,509
,,,,,509
,,,,,509
,,,,,509
205,2016,09,16,4002955,509
,,,,,508
,,,,,508
,,,,,508
,,,,,508
,,,,,507
,,,,,507
,,,,,507
,,,,,507
,,,,,507
,,,,,507
,,,,,507
,,,,,508
,,,,,508
,,,,,509
,,,,,510
,,,,,510
,,,,,512
206,2016,09,16,4003968,512
,,,,,513
,,,,,513
,,,,,513
,,,,,512
,,,,,512
,,,,,511
,,,,,510
,,,,,509
,,,,,507
,,,,,507
,,,,,506
,,,,,506
,,,,,506
,,,,,507
,,,,,507
,,,,,508
,,,,,508
207,2016,09,16,4004976,509
,,,,,509
,,,,,509
,,,,,508
,,,,,508
,,,,,508
,,,,,507
,,,,,507
,,,,,507
,,,,,507
,,,,,507
,,,,,507
,,,,,507
,,,,,508
,,,,,508
,,,,,508
,,,,,508
,,,,,508
208,2016,09,16,4005985,507
,,,,,507
,,,,,507
,,,,,507
,,,,,507
,,,,,507
,,,,,507
,,,,,508
,,,,,508
,,,,,508
,,,,,509
,,,,,509
,,,,,509
,,,,,509
,,,,,509
,,,,,509
,,,,,509
,,,,,510
209,2016,09,16,4006993,510
,,,,,510
,,,,,510
,,,,,510
,,,,,510
,,,,,510
,,,,,510
,,,,,510
,,,,,510
,,,,,509
,,,,,509
,,,,,509
,,,,,509
,,,,,509
,,,,,509
,,,,,509
,,,,,509
,,,,,510
210,2016,09,16,4007997,510
,,,,,510
,,,,,510
,,,,,509
,,,,,509
,,,,,509
,,,,,508
,,,,,508
,,,,,508
,,,,,508
,,,,,508
,,,,,508
,,,,,508
,,,,,508
,,,,,508
,,,,,508
,,,,,508
,,,,,507
211,2016,09,16,4009009,507
,,,,,507
,,,,,508
,,,,,508
,,,,,508
,,,,,508
,,,,,509
,,,,,509
,,,,,509
,,,,,509
,,,,,509
,,,,,510
,,,,,510
,,,,,510
,,,,,510
,,,,,510
,,,,,509
,,,,,509
212,2016,09,16,4010017,509
,,,,,510
,,,,,510
,,,,,510
,,,,,510
,,,,,510
,,,,,510
,,,,,509
,,,,,509
,,,,,509
,,,,,509
,,,,,509
,,,,,509
,,,,,509
,,,,,509
,,,,,509
,,,,,509
,,,,,509
213,2016,09,16,4011026,509
,,,,,509
,,,,,509
,,,,,509
,,,,,509
,,,,,509
,,,,,509
,,,,,509
,,,,,509
,,,,,509
,,,,,509
,,,,,509
,,,,,509
,,,,,509
,,,,,509
,,,,,509
,,,,,509
,,,,,509
214,2016,09,16,4012032,509
,,,,,509
,,,,,509
,,,,,509
,,,,,509
,,,,,510
,,,,,510
,,,,,510
,,,,,510
,,,,,510
,,,,,509
,,,,,509
,,,,,509
,,,,,509
,,,,,509
,,,,,510
,,,,,510
,,,,,511
215,2016,09,16,4013044,511
,,,,,511
,,,,,511
,,,,,511
,,,,,511
,,,,,511
,,,,,510
,,,,,510
,,,,,510
,,,,,509
,,,,,509
,,,,,509
,,,,,509
,,,,,509
,,,,,509
,,,,,509
,,,,,509
,,,,,509
216,2016,09,16,4014047,510
,,,,,510
,,,,,510
,,,,,510
,,,,,510
,,,,,510
,,,,,510
,,,,,510
,,,,,510
,,,,,509
,,,,,509
,,,,,510
,,,,,510
,,,,,510
,,,,,510
,,,,,510
,,,,,510
,,,,,510
217,2016,09,16,4015057,510
,,,,,510
,,,,,510
,,,,,510
,,,,,510
,,,,,510
,,,,,510
,,,,,510
,,,,,509
,,,,,509
,,,,,509
,,,,,509
,,,,,510
,,,,,510
,,,,,510
,,,,,510
,,,,,511
,,,,,511
218,2016,09,16,4016065,511
,,,,,512
,,,,,512
,,,,,512
,,,,,512
,,,,,512
,,,,,512
,,,,,512
,,,,,512
,,,,,512
,,,,,512
,,,,,512
,,,,,512
,,,,,512
,,,,,512
,,,,,512
,,,,,512
,,,,,512
219,2016,09,16,4017073,512
,,,,,512
,,,,,513
,,,,,513
,,,,,513
,,,,,513
,,,,,513
,,,,,513
,,,,,513
,,,,,514
,,,,,514
,,,,,514
,,,,,514
,,,,,514
,,,,,514
,,,,,514
,,,,,514
,,,,,514
220,2016,09,16,4018081,514
,,,,,514
,,,,,513
,,,,,513
,,,,,513
,,,,,513
,,,,,513
,,,,,513
,,,,,513
,,,,,513
,,,,,513
,,,,,513
,,,,,513
,,,,,513
,,,,,513
,,,,,513
,,,,,513
,,,,,512
221,2016,09,16,4019089,512
,,,,,512
,,,,,512
,,,,,512
,,,,,512
,,,,,512
,,,,,512
,,,,,512
,,,,,512
,,,,,512
,,,,,512
,,,,,512
,,,,,512
,,,,,512
,,,,,512
,,,,,513
,,,,,513
,,,,,514
222,2016,09,16,4020097,514
,,,,,516
,,,,,516
,,,,,518
,,,,,518
,,,,,519
,,,,,519
,,,,,518
,,,,,518
,,,,,517
,,,,,517
,,,,,517
,,,,,517
,,,,,517
,,,,,517
,,,,,517
,,,,,516
,,,,,515
223,2016,09,16,4021106,515
,,,,,515
,,,,,515
,,,,,515
,,,,,515
,,,,,516
,,,,,516
,,,,,516
,,,,,516
,,,,,516
,,,,,516
,,,,,517
,,,,,517
,,,,,517
,,,,,517
,,,,,517
,,,,,517
,,,,,516
224,2016,09,16,4022113,516
,,,,,516
,,,,,515
,,,,,515
,,,,,515
,,,,,515
,,,,,516
,,,,,517
,,,,,517
,,,,,517
,,,,,518
,,,,,518
,,,,,518
,,,,,518
,,,,,517
,,,,,517
,,,,,517
,,,,,516
225,2016,09,16,4023121,516
,,,,,516
,,,,,515
,,,,,515
,,,,,514
,,,,,514
,,,,,514
,,,,,514
,,,,,513
,,,,,513
,,,,,513
,,,,,513
,,,,,512
,,,,,512
,,,,,512
,,,,,512
,,,,,512
,,,,,512
226,2016,09,16,4024129,512
,,,,,512
,,,,,512
,,,,,512
,,,,,512
,,,,,512
,,,,,511
,,,,,511
,,,,,510
,,,,,510
,,,,,510
,,,,,510
,,,,,510
,,,,,510
,,,,,510
,,,,,510
,,,,,511
,,,,,511
227,2016,09,16,4025137,511
,,,,,512
,,,,,513
,,,,,514
,,,,,515
,,,,,515
,,,,,515
,,,,,515
,,,,,515
,,,,,515
,,,,,515
,,,,,515
,,,,,515
,,,,,515
,,,,,514
,,,,,514
,,,,,514
,,,,,514
228,2016,09,16,4026145,513
,,,,,513
,,,,,513
,,,,,512
,,,,,512
,,,,,512
,,,,,512
,,,,,512
,,,,,512
,,,,,512
,,,,,512
,,,,,512
,,,,,512
,,,,,512
,,,,,512
,,,,,511
,,,,,511
,,,,,511
229,2016,09,16,4027154,511
,,,,,511
,,,,,511
,,,,,511
,,,,,512
,,,,,512
,,,,,512
,,,,,512
,,,,,512
,,,,,512
,,,,,513
,,,,,513
,,,,,513
,,,,,513
,,,,,514
,,,,,514
,,,,,514
,,,,,515
230,2016,09,16,4028161,515
,,,,,515
,,,,,516
,,,,,516
,,,,,516
,,,,,516
,,,,,516
,,,,,516
,,,,,515
,,,,,515
,,,,,515
,,,,,515
,,,,,514
,,,,,514
,,,,,513
,,,,,513
,,,,,513
,,,,,512
231,2016,09,16,4029169,513
,,,,,513
,,,,,513
,,,,,513
,,,,,513
,,,,,512
,,,,,511
,,,,,511
,,,,,511
,,,,,511
,,,,,512
,,,,,512
,,,,,512
,,,,,512
,,,,,511
,,,,,511
,,,,,511
,,,,,511
232,2016,09,16,4030177,511
,,,,,511
,,,,,512
,,,,,512
,,,,,512
,,,,,512
,,,,,512
,,,,,512
,,,,,512
,,,,,512
,,,,,512
,,,,,512
,,,,,511
,,,,,511
,,,,,511
,,,,,511
,,,,,511
,,,,,510
233,2016,09,16,4031185,510
,,,,,509
,,,,,509
,,,,,508
,,,,,508
,,,,,507
,,,,,507
,,,,,507
,,,,,506
,,,,,506
,,,,,506
,,,,,505
,,,,,505
,,,,,505
,,,,,506
,,,,,506
,,,,,506
,,,,,507
234,2016,09,16,4032193,507
,,,,,506
,,,,,506
,,,,,506
,,,,,506
,,,,,506
,,,,,506
,,,,,506
,,,,,506
,,,,,506
,,,,,507
,,,,,507
,,,,,508
,,,,,508
,,,,,508
,,,,,508
,,,,,508
,,,,,508
235,2016,09,16,4033201,508
,,,,,507
,,,,,507
,,,,,508
,,,,,508
,,,,,508
,,,,,509
,,,,,509
,,,,,509
,,,,,508
,,,,,508
,,,,,508
,,,,,508
,,,,,508
,,,,,508
,,,,,509
,,,,,509
,,,,,509
236,2016,09,16,4034210,509
,,,,,508
,,,,,508
,,,,,508
,,,,,508
,,,,,508
,,,,,508
,,,,,508
,,,,,508
,,,,,508
,,,,,508
,,,,,509
,,,,,509
,,,,,510
,,,,,511
,,,,,512
,,,,,513
,,,,,514
237,2016,09,16,4035218,515
,,,,,515
,,,,,515
,,,,,515
,,,,,514
,,,,,514
,,,,,513
,,,,,512
,,,,,511
,,,,,511
,,,,,511
,,,,,511
,,,,,511
,,,,,512
,,,,,512
,,,,,512
,,,,,512
,,,,,512
238,2016,09,16,4036226,512
,,,,,512
,,,,,512
,,,,,511
,,,,,511
,,,,,510
,,,,,510
,,,,,510
,,,,,510
,,,,,510
,,,,,510
,,,,,510
,,,,,509
,,,,,509
,,,,,509
,,,,,510
,,,,,510
,,,,,510
239,2016,09,16,4037235,510
,,,,,510
,,,,,510
,,,,,510
,,,,,510
,,,,,510
,,,,,510
,,,,,510
,,,,,510
,,,,,510
,,,,,509
,,,,,509
,,,,,509
,,,,,509
,,,,,509
,,,,,509
,,,,,509
,,,,,509
240,2016,09,16,4038241,509
,,,,,509
,,,,,509
,,,,,509
,,,,,509
,,,,,509
,,,,,509
,,,,,509
,,,,,509
,,,,,509
,,,,,509
,,,,,509
,,,,,509
,,,,,509
,,,,,509
,,,,,509
,,,,,509
,,,,,509
241,2016,09,16,4039252,508
,,,,,508
,,,,,508
,,,,,508
,,,,,508
,,,,,509
,,,,,509
,,,,,509
,,,,,509
,,,,,509
,,,,,509
,,,,,509
,,,,,509
,,,,,509
,,,,,509
,,,,,509
,,,,,509
,,,,,509
242,2016,09,16,4040260,510
,,,,,510
,,,,,511
,,,,,511
,,,,,512
,,,,,512
,,,,,512
,,,,,512
,,,,,511
,,,,,511
,,,,,511
,,,,,511
,,,,,511
,,,,,511
,,,,,512
,,,,,512
,,,,,512
,,,,,512
243,2016,09,16,4041266,512
,,,,,512
,,,,,512
,,,,,511
,,,,,511
,,,,,511
,,,,,512
,,,,,512
,,,,,512
,,,,,512
,,,,,512
,,,,,512
,,,,,512
,,,,,512
,,,,,512
,,,,,512
,,,,,511
,,,,,511
244,2016,09,16,4042274,511
,,,,,511
,,,,,512
,,,,,512
,,,,,512
,,,,,513
,,,,,513
,,,,,513
,,,,,513
,,,,,513
,,,,,513
,,,,,513
,,,,,513
,,,,,513
,,,,,513
,,,,,513
,,,,,513
,,,,,514
245,2016,09,16,4043283,514
,,,,,515
,,,,,516
,,,,,516
,,,,,517
,,,,,517
,,,,,517
,,,,,517
,,,,,517
,,,,,516
,,,,,516
,,,,,516
,,,,,517
,,,,,517
,,,,,518
,,,,,518
,,,,,518
,,,,,519
246,2016,09,16,4044292,519
,,,,,518
,,,,,518
,,,,,518
,,,,,519
,,,,,519
,,,,,520
,,,,,520
,,,,,520
,,,,,520
,,,,,520
,,,,,519
,,,,,519
,,,,,518
,,,,,518
,,,,,518
,,,,,518
,,,,,518
247,2016,09,16,4045303,518
,,,,,517
,,,,,516
,,,,,514
,,,,,513
,,,,,513
,,,,,512
,,,,,512
,,,,,512
,,,,,513
,,,,,513
,,,,,513
,,,,,513
,,,,,513
,,,,,513
,,,,,512
,,,,,512
,,,,,512
248,2016,09,16,4046309,512
,,,,,512
,,,,,512
,,,,,512
,,,,,511
,,,,,511
,,,,,510
,,,,,510
,,,,,510
,,,,,510
,,,,,511
,,,,,511
,,,,,511
,,,,,511
,,,,,511
,,,,,511
,,,,,511
,,,,,511
249,2016,09,16,4047319,511
,,,,,511
,,,,,511
,,,,,512
,,,,,512
,,,,,513
,,,,,513
,,,,,513
,,,,,514
,,,,,514
,,,,,514
,,,,,514
,,,,,514
,,,,,515
,,,,,515
,,,,,516
,,,,,516
,,,,,516
250,2016,09,16,4048327,516
,,,,,516
,,,,,516
,,,,,516
,,,,,516
,,,,,517
,,,,,517
,,,,,517
,,,,,517
,,,,,517
,,,,,516
,,,,,516
,,,,,515
,,,,,515
,,,,,514
,,,,,514
,,,,,514
,,,,,514
251,2016,09,16,4049333,514
,,,,,514
,,,,,514
,,,,,514
,,,,,513
,,,,,513
,,,,,512
,,,,,512
,,,,,512
,,,,,512
,,,,,512
,,,,,512
,,,,,512
,,,,,512
,,,,,511
,,,,,511
,,,,,511
,,,,,511
252,2016,09,16,4050341,511
,,,,,510
,,,,,510
,,,,,510
,,,,,510
,,,,,510
,,,,,511
,,,,,511
,,,,,511
,,,,,511
,,,,,511
,,,,,511
,,,,,511
,,,,,511
,,,,,511
,,,,,511
,,,,,511
,,,,,511
253,2016,09,16,4051351,511
,,,,,511
,,,,,511
,,,,,512
,,,,,512
,,,,,512
,,,,,512
,,,,,512
,,,,,512
,,,,,512
,,,,,512
,,,,,512
,,,,,512
,,,,,512
,,,,,512
,,,,,512
,,,,,512
,,,,,512
254,2016,09,16,4052359,512
,,,,,512
,,,,,512
,,,,,512
,,,,,512
,,,,,512
,,,,,512
,,,,,512
,,,,,512
,,,,,512
,,,,,511
,,,,,511
,,,,,511
,,,,,511
,,,,,511
,,,,,511
,,,,,511
,,,,,511
255,2016,09,16,4053367,511
,,,,,511
,,,,,511
,,,,,511
,,,,,511
,,,,,512
,,,,,512
,,,,,512
,,,,,512
,,,,,511
,,,,,511
,,,,,511
,,,,,511
,,,,,511
,,,,,511
,,,,,511
,,,,,511
,,,,,511
0,2016,09,16,4054375,511
,,,,,511
,,,,,511
,,,,,511
,,,,,511
,,,,,511
,,,,,511
,,,,,511
,,,,,511
,,,,,511
,,,,,511
,,,,,511
,,,,,511
,,,,,511
,,,,,511
,,,,,511
,,,,,511
,,,,,512
1,2016,09,16,4055383,512
,,,,,512
,,,,,512
,,,,,512
,,,,,512
,,,,,512
,,,,,511
,,,,,511
,,,,,511
,,,,,511
,,,,,511
,,,,,511
,,,,,511
,,,,,511
,,,,,511
,,,,,511
,,,,,512
,,,,,512
2,2016,09,16,4056390,512
,,,,,512
,,,,,512
,,,,,512
,,,,,512
,,,,,512
,,,,,512
,,,,,512
,,,,,512
,,,,,512
,,,,,512
,,,,,512
,,,,,512
,,,,,512
,,,,,512
,,,,,512
,,,,,512
,,,,,512
3,2016,09,16,4057397,512
,,,,,512
,,,,,512
,,,,,512
,,,,,512
,,,,,512
,,,,,512
,,,,,512
,,,,,512
,,,,,512
,,,,,513
,,,,,513
,,,,,513
,,,,,513
,,,,,513
,,,,,513
,,,,,513
,,,,,512
4,2016,09,16,4058407,512
,,,,,512
,,,,,512
,,,,,512
,,,,,512
,,,,,512
,,,,,512
,,,,,513
,,,,,513
,,,,,514
,,,,,514
,,,,,515
,,,,,515
,,,,,515
,,,,,515
,,,,,515
,,,,,515
,,,,,515
5,2016,09,16,4059415,515
,,,,,514
,,,,,514
,,,,,514
,,,,,514
,,,,,513
,,,,,513
,,,,,513
,,,,,513
,,,,,512
,,,,,512
,,,,,512
,,,,,512
,,,,,512
,,,,,512
,,,,,513
,,,,,513
,,,,,513
6,2016,09,16,4060423,513
,,,,,513
,,,,,513
,,,,,514
,,,,,514
,,,,,514
,,,,,514
,,,,,514
,,,,,514
,,,,,514
,,,,,515
,,,,,515
,,,,,515
,,,,,515
,,,,,515
,,,,,514
,,,,,514
,,,,,514
7,2016,09,16,4061432,513
,,,,,513
,,,,,513
,,,,,513
,,,,,512
,,,,,512
,,,,,512
,,,,,512
,,,,,511
,,,,,511
,,,,,511
,,,,,511
,,,,,512
,,,,,512
,,,,,512
,,,,,511
,,,,,510
,,,,,509
8,2016,09,16,4062439,507
,,,,,506
,,,,,504
,,,,,504
,,,,,504
,,,,,505
,,,,,506
,,,,,510
,,,,,512
,,,,,514
,,,,,520
,,,,,524
,,,,,531
,,,,,535
,,,,,538
,,,,,541
,,,,,541
,,,,,538
9,2016,09,16,4063447,536
,,,,,533
,,,,,530
,,,,,530
,,,,,536
,,,,,544
,,,,,556
,,,,,602
,,,,,640
,,,,,744
,,,,,808
,,,,,875
,,,,,1005
,,,,,1023
,,,,,1023
,,,,,1023
,,,,,1023
,,,,,1023
10,2016,09,16,4064455,1023
,,,,,1023
,,,,,1023
,,,,,1023
,,,,,1023
,,,,,1023
,,,,,1023
,,,,,1023
,,,,,1023
,,,,,1023
,,,,,1023
,,,,,1023
,,,,,1023
,,,,,1023
,,,,,1023
,,,,,1023
,,,,,1023
,,,,,1023
11,2016,09,16,4065464,1023
,,,,,1023
,,,,,1023
,,,,,1023
,,,,,1023
,,,,,1023
,,,,,1023
,,,,,1022
,,,,,1023
,,,,,1023
,,,,,1023
,,,,,1023
,,,,,1023
,,,,,1023
,,,,,1023
,,,,,1023
,,,,,1023
,,,,,1023
